{
    "class_name": "PinholeCameraParameters",
    "extrinsic": [
        0.6887977025631973,
        0.2925490224399415,
        -0.66330445077136,
        0.0,
        -0.2844703390554199,
        0.9506476631458897,
        0.12387754741257001,
        0.0,
        0.666809081477866,
        0.10336387195095613,
        0.7380254459257829,
        0.0,
        -2.3058577967107805,
        1.4873358940449035,
        -1.2296327968893082,
        1.0
    ],
    "intrinsic": {
        "class_name": "PinholeCameraIntrinsic",
        "height": 715,
        "intrinsic_matrix": [
            1120.2299868285534,
            0.0,
            0.0,
            0.0,
            1125.6281481242802,
            0.0,
            636,
            357,
            1.0
        ],
        "width": 1273
    },
    "version_major": 1,
    "version_minor": 0
}