{
    "class_name": "PinholeCameraParameters",
    "extrinsic": [
        0.9046450937392247,
        0.03263522744291137,
        -0.4249143399595956,
        0.0,
        -0.00956212149471269,
        0.9983669212982759,
        0.056321011087537835,
        0.0,
        0.42605847040760697,
        -0.046887443811234275,
        0.9034797991138365,
        0.0,
        -1.2703180699650531,
        1.7089919899776458,
        -1.6881602645677136,
        1.0
    ],
    "intrinsic": {
        "class_name": "PinholeCameraIntrinsic",
        "height": 715,
        "intrinsic_matrix": [
            1120.2299868285534,
            0.0,
            0.0,
            0.0,
            1125.6281481242802,
            0.0,
            636,
            357,
            1.0
        ],
        "width": 1273
    },
    "version_major": 1,
    "version_minor": 0
}