{
    "class_name": "PinholeCameraParameters",
    "extrinsic": [
        -0.9872629857567358,
        0.1344224486252238,
        -0.08510230467086817,
        0.0,
        -0.0023672553549260403,
        0.5224381223656432,
        0.8526739144603553,
        0.0,
        0.1590792037218529,
        0.8420148535534631,
        -0.5154656082985174,
        0.0,
        -0.506442929350728,
        -2.0199632304148034,
        4.506444030641915,
        1.0
    ],
    "intrinsic": {
        "class_name": "PinholeCameraIntrinsic",
        "height": 715,
        "intrinsic_matrix": [
            1120.2299868285534,
            0.0,
            0.0,
            0.0,
            1125.6281481242802,
            0.0,
            636,
            357,
            1.0
        ],
        "width": 1273
    },
    "version_major": 1,
    "version_minor": 0
}