{
    "class_name": "PinholeCameraParameters",
    "extrinsic": [
        -0.20893315404995075,
        -0.44104516142840783,
        0.8728265020720491,
        0.0,
        0.6831629454810091,
        0.5728030077533015,
        0.45297362421059684,
        0.0,
        -0.6997394708464365,
        0.6909239320571845,
        0.18162817251238264,
        0.0,
        3.910302034048791,
        -1.781721053359683,
        1.71338643652608,
        1.0
    ],
    "intrinsic": {
        "class_name": "PinholeCameraIntrinsic",
        "height": 715,
        "intrinsic_matrix": [
            1120.2299868285534,
            0.0,
            0.0,
            0.0,
            1125.6281481242802,
            0.0,
            636,
            357,
            1.0
        ],
        "width": 1273
    },
    "version_major": 1,
    "version_minor": 0
}