{
    "class_name": "PinholeCameraParameters",
    "extrinsic": [
        0.43687290796900435,
        -0.4641176028539549,
        0.7705432583598435,
        0.0,
        0.533859341857518,
        0.8232147882698378,
        0.19316214816910682,
        0.0,
        -0.7239725584538158,
        0.32697440740055617,
        0.6074137564386334,
        0.0,
        3.853981379757444,
        -0.1299181138799591,
        0.1527623440292055,
        1.0
    ],
    "intrinsic": {
        "class_name": "PinholeCameraIntrinsic",
        "height": 715,
        "intrinsic_matrix": [
            1120.2299868285534,
            0.0,
            0.0,
            0.0,
            1125.6281481242802,
            0.0,
            636,
            357,
            1.0
        ],
        "width": 1273
    },
    "version_major": 1,
    "version_minor": 0
}