{
    "class_name": "PinholeCameraParameters",
    "extrinsic": [
        0.9783967263898999,
        -0.057462894164959706,
        -0.1985896814633477,
        0.0,
        0.06593819758210094,
        0.9971622766620086,
        0.03632558467339161,
        0.0,
        0.1959387656620075,
        -0.04863547878274218,
        0.9794093068346975,
        0.0,
        -0.2744302091797565,
        1.7592240607056402,
        -2.026589627428991,
        1.0
    ],
    "intrinsic": {
        "class_name": "PinholeCameraIntrinsic",
        "height": 715,
        "intrinsic_matrix": [
            1120.2299868285534,
            0.0,
            0.0,
            0.0,
            1125.6281481242802,
            0.0,
            636,
            357,
            1.0
        ],
        "width": 1273
    },
    "version_major": 1,
    "version_minor": 0
}