{
    "class_name": "PinholeCameraParameters",
    "extrinsic": [
        0.9646165594982762,
        -0.22593678745043602,
        0.13589503750426252,
        0.0,
        0.22354037877711752,
        0.9741410903937155,
        0.03284562471206009,
        0.0,
        -0.13980197494274277,
        -0.0013054053466855207,
        0.990178622127841,
        0.0,
        1.2427950704564041,
        1.4014890667099515,
        -1.934918557169956,
        1.0
    ],
    "intrinsic": {
        "class_name": "PinholeCameraIntrinsic",
        "height": 715,
        "intrinsic_matrix": [
            1120.2299868285534,
            0.0,
            0.0,
            0.0,
            1125.6281481242802,
            0.0,
            636,
            357,
            1.0
        ],
        "width": 1273
    },
    "version_major": 1,
    "version_minor": 0
}