{
    "class_name": "PinholeCameraParameters",
    "extrinsic": [
        0.020426461371871082,
        -0.47299068450651305,
        0.8808306148436732,
        0.0,
        0.6760232274233923,
        0.6556222851085005,
        0.3363807593385337,
        0.0,
        -0.7365971461116878,
        0.5885908864730819,
        0.33314473236259917,
        0.0,
        4.108545211294316,
        -1.2635473328225457,
        0.9453955634894373,
        1.0
    ],
    "intrinsic": {
        "class_name": "PinholeCameraIntrinsic",
        "height": 715,
        "intrinsic_matrix": [
            1120.2299868285534,
            0.0,
            0.0,
            0.0,
            1125.6281481242802,
            0.0,
            636,
            357,
            1.0
        ],
        "width": 1273
    },
    "version_major": 1,
    "version_minor": 0
}