{
    "class_name": "PinholeCameraParameters",
    "extrinsic": [
        0.6899048594339502,
        -0.4302476847323668,
        0.5821668272169578,
        0.0,
        0.43944151621767125,
        0.8879925485415333,
        0.13550050759693363,
        0.0,
        -0.5752585842503659,
        0.16234581459695954,
        0.8016990693078758,
        0.0,
        3.1811726489294454,
        0.7716147982650934,
        -0.7777054725957409,
        1.0
    ],
    "intrinsic": {
        "class_name": "PinholeCameraIntrinsic",
        "height": 715,
        "intrinsic_matrix": [
            1120.2299868285534,
            0.0,
            0.0,
            0.0,
            1125.6281481242802,
            0.0,
            636,
            357,
            1.0
        ],
        "width": 1273
    },
    "version_major": 1,
    "version_minor": 0
}