{
    "class_name": "PinholeCameraParameters",
    "extrinsic": [
        0.5101632096695952,
        -0.4708639771812509,
        0.7197364896214941,
        0.0,
        0.5227750276715967,
        0.8342650181632323,
        0.17523741013854013,
        0.0,
        -0.6829639594755919,
        0.2868605836676695,
        0.6717672480817043,
        0.0,
        3.641135310149942,
        0.1811198034413339,
        -0.145456414600733,
        1.0
    ],
    "intrinsic": {
        "class_name": "PinholeCameraIntrinsic",
        "height": 715,
        "intrinsic_matrix": [
            1120.2299868285534,
            0.0,
            0.0,
            0.0,
            1125.6281481242802,
            0.0,
            636,
            357,
            1.0
        ],
        "width": 1273
    },
    "version_major": 1,
    "version_minor": 0
}