{
    "class_name": "PinholeCameraParameters",
    "extrinsic": [
        0.8979172491314501,
        0.046444586888575105,
        -0.4377071099045103,
        0.0,
        -0.03537040164130603,
        0.9988151879493318,
        0.03342386885855431,
        0.0,
        0.43874086702738563,
        -0.014529992102225614,
        0.8984961496464897,
        0.0,
        -1.343141938532144,
        1.7861498107686553,
        -1.5127259983347132,
        1.0
    ],
    "intrinsic": {
        "class_name": "PinholeCameraIntrinsic",
        "height": 715,
        "intrinsic_matrix": [
            1120.2299868285534,
            0.0,
            0.0,
            0.0,
            1125.6281481242802,
            0.0,
            636,
            357,
            1.0
        ],
        "width": 1273
    },
    "version_major": 1,
    "version_minor": 0
}