{
    "class_name": "PinholeCameraParameters",
    "extrinsic": [
        -0.1941868622044717,
        0.49965877574656,
        -0.8441756750621462,
        0.0,
        -0.7168822355092687,
        0.5151323815180846,
        0.469806864490867,
        0.0,
        0.6696053486632366,
        0.6964048659587007,
        0.25816455936210475,
        0.0,
        -2.4703483771302683,
        -1.3566101593952409,
        0.8846995480256589,
        1.0
    ],
    "intrinsic": {
        "class_name": "PinholeCameraIntrinsic",
        "height": 715,
        "intrinsic_matrix": [
            1120.2299868285534,
            0.0,
            0.0,
            0.0,
            1125.6281481242802,
            0.0,
            636,
            357,
            1.0
        ],
        "width": 1273
    },
    "version_major": 1,
    "version_minor": 0
}