{
    "class_name": "PinholeCameraParameters",
    "extrinsic": [
        0.8373188993698635,
        0.17205168920587363,
        -0.5189366791810401,
        0.0,
        -0.16879884442421025,
        0.9841735981088066,
        0.053937731752611975,
        0.0,
        0.5200038566002098,
        0.04243282958949268,
        0.8531092802765291,
        0.0,
        -1.940675304570861,
        1.5034484596534725,
        -1.530635406165007,
        1.0
    ],
    "intrinsic": {
        "class_name": "PinholeCameraIntrinsic",
        "height": 715,
        "intrinsic_matrix": [
            1120.2299868285534,
            0.0,
            0.0,
            0.0,
            1125.6281481242802,
            0.0,
            636,
            357,
            1.0
        ],
        "width": 1273
    },
    "version_major": 1,
    "version_minor": 0
}