{
    "class_name": "PinholeCameraParameters",
    "extrinsic": [
        0.9755131662093832,
        -0.19607087545558102,
        0.09965076191493047,
        0.0,
        0.1965032026050055,
        0.9804874462003713,
        0.005555106610157334,
        0.0,
        -0.09879551567819402,
        0.014162614220407493,
        0.9950069680360654,
        0.0,
        1.1370186226923673,
        1.618221768171928,
        -1.8684218303841553,
        1.0
    ],
    "intrinsic": {
        "class_name": "PinholeCameraIntrinsic",
        "height": 715,
        "intrinsic_matrix": [
            1120.2299868285534,
            0.0,
            0.0,
            0.0,
            1125.6281481242802,
            0.0,
            636,
            357,
            1.0
        ],
        "width": 1273
    },
    "version_major": 1,
    "version_minor": 0
}