{
    "class_name": "PinholeCameraParameters",
    "extrinsic": [
        0.15499872503537043,
        -0.5129733311348581,
        0.8442948281150469,
        0.0,
        0.6356643396852198,
        0.7059966967324299,
        0.3122491176215732,
        0.0,
        -0.7562448297277563,
        0.4882898992886342,
        0.43550744168467687,
        0.0,
        3.9526309971908593,
        -1.1199210225959613,
        0.3902240076620192,
        1.0
    ],
    "intrinsic": {
        "class_name": "PinholeCameraIntrinsic",
        "height": 715,
        "intrinsic_matrix": [
            1120.2299868285534,
            0.0,
            0.0,
            0.0,
            1125.6281481242802,
            0.0,
            636,
            357,
            1.0
        ],
        "width": 1273
    },
    "version_major": 1,
    "version_minor": 0
}