{
    "class_name": "PinholeCameraParameters",
    "extrinsic": [
        0.5767425615517838,
        0.3801491612222294,
        -0.7230868778485212,
        0.0,
        -0.6065398475875403,
        0.7921995962283499,
        -0.06729942811140956,
        0.0,
        0.5472453115223288,
        0.477395449242737,
        0.6874708386972898,
        0.0,
        -1.8084825757433238,
        -0.26057065761392834,
        -1.0839060172975872,
        1.0
    ],
    "intrinsic": {
        "class_name": "PinholeCameraIntrinsic",
        "height": 715,
        "intrinsic_matrix": [
            1120.2299868285534,
            0.0,
            0.0,
            0.0,
            1125.6281481242802,
            0.0,
            636,
            357,
            1.0
        ],
        "width": 1273
    },
    "version_major": 1,
    "version_minor": 0
}