{
    "class_name": "PinholeCameraParameters",
    "extrinsic": [
        -0.7733341566409327,
        0.3755057821568126,
        -0.5108323499341614,
        0.0,
        -0.20640935767442836,
        0.612713565905297,
        0.7628743430081034,
        0.0,
        0.5994576375665648,
        0.6953973639024065,
        -0.39632442145380964,
        0.0,
        -2.651809160169879,
        -0.9326411614822366,
        3.654832491855969,
        1.0
    ],
    "intrinsic": {
        "class_name": "PinholeCameraIntrinsic",
        "height": 715,
        "intrinsic_matrix": [
            1120.2299868285534,
            0.0,
            0.0,
            0.0,
            1125.6281481242802,
            0.0,
            636,
            357,
            1.0
        ],
        "width": 1273
    },
    "version_major": 1,
    "version_minor": 0
}