{
    "class_name": "PinholeCameraParameters",
    "extrinsic": [
        0.9968643105777751,
        -0.07894882920257834,
        -0.0053505760287181,
        0.0,
        0.07712802926026534,
        0.984534284414112,
        -0.1573006990309328,
        0.0,
        0.01768653156287657,
        0.15639477350837075,
        0.9875362582814573,
        0.0,
        0.5239969159837042,
        0.8829314232053574,
        -1.9606542579979878,
        1.0
    ],
    "intrinsic": {
        "class_name": "PinholeCameraIntrinsic",
        "height": 715,
        "intrinsic_matrix": [
            1120.2299868285534,
            0.0,
            0.0,
            0.0,
            1125.6281481242802,
            0.0,
            636,
            357,
            1.0
        ],
        "width": 1273
    },
    "version_major": 1,
    "version_minor": 0
}