{
    "class_name": "PinholeCameraParameters",
    "extrinsic": [
        0.2465660078156696,
        -0.47509768162852606,
        0.8446818316390159,
        0.0,
        0.6048459402693775,
        0.7564425103776139,
        0.2489098572440752,
        0.0,
        -0.7572097413065256,
        0.44952966687952084,
        0.4738739138902787,
        0.0,
        3.899364577799757,
        -0.7047202171521594,
        0.5252438305750078,
        1.0
    ],
    "intrinsic": {
        "class_name": "PinholeCameraIntrinsic",
        "height": 715,
        "intrinsic_matrix": [
            1120.2299868285534,
            0.0,
            0.0,
            0.0,
            1125.6281481242802,
            0.0,
            636,
            357,
            1.0
        ],
        "width": 1273
    },
    "version_major": 1,
    "version_minor": 0
}