{
    "class_name": "PinholeCameraParameters",
    "extrinsic": [
        -0.0840165410806454,
        -0.45788946730030916,
        0.8850302009311791,
        0.0,
        0.6754055496616731,
        0.6268546537323871,
        0.3884335034214507,
        0.0,
        -0.7326449101106601,
        0.6303891487244113,
        0.2565949275793552,
        0.0,
        4.053167601833747,
        -1.4369135913651085,
        1.2795674562893036,
        1.0
    ],
    "intrinsic": {
        "class_name": "PinholeCameraIntrinsic",
        "height": 715,
        "intrinsic_matrix": [
            1120.2299868285534,
            0.0,
            0.0,
            0.0,
            1125.6281481242802,
            0.0,
            636,
            357,
            1.0
        ],
        "width": 1273
    },
    "version_major": 1,
    "version_minor": 0
}