{
    "class_name": "PinholeCameraParameters",
    "extrinsic": [
        0.9016261001986198,
        -0.2834047908530656,
        0.3267293986805576,
        0.0,
        0.4152441717767502,
        0.7785402730702636,
        -0.4705818961808032,
        0.0,
        -0.12100683140248483,
        0.5599613984277931,
        0.8196344179112545,
        0.0,
        1.1065920835859633,
        -0.7783367539118257,
        -0.9633044542407015,
        1.0
    ],
    "intrinsic": {
        "class_name": "PinholeCameraIntrinsic",
        "height": 715,
        "intrinsic_matrix": [
            1120.2299868285534,
            0.0,
            0.0,
            0.0,
            1125.6281481242802,
            0.0,
            636,
            357,
            1.0
        ],
        "width": 1273
    },
    "version_major": 1,
    "version_minor": 0
}