{
    "class_name": "PinholeCameraParameters",
    "extrinsic": [
        0.7112974201789506,
        -0.41802809833814886,
        0.5650738792817805,
        0.0,
        0.4348582165141328,
        0.8933210782733,
        0.11347150586282179,
        0.0,
        -0.5522266849554782,
        0.16501502995915174,
        0.8171999316633984,
        0.0,
        3.0737234137118246,
        0.8927859674656651,
        -0.9034683025378434,
        1.0
    ],
    "intrinsic": {
        "class_name": "PinholeCameraIntrinsic",
        "height": 715,
        "intrinsic_matrix": [
            1120.2299868285534,
            0.0,
            0.0,
            0.0,
            1125.6281481242802,
            0.0,
            636,
            357,
            1.0
        ],
        "width": 1273
    },
    "version_major": 1,
    "version_minor": 0
}