{
    "class_name": "PinholeCameraParameters",
    "extrinsic": [
        -0.4299423525520943,
        0.49987053330782427,
        -0.7518503996225059,
        0.0,
        -0.3607886357484652,
        0.6682445808523634,
        0.6506002924040312,
        0.0,
        0.8276358702936528,
        0.5509797002540118,
        -0.10695903940886561,
        0.0,
        -3.5076549250304314,
        -0.7492032805814787,
        2.8186486806167346,
        1.0
    ],
    "intrinsic": {
        "class_name": "PinholeCameraIntrinsic",
        "height": 715,
        "intrinsic_matrix": [
            1120.2299868285534,
            0.0,
            0.0,
            0.0,
            1125.6281481242802,
            0.0,
            636,
            357,
            1.0
        ],
        "width": 1273
    },
    "version_major": 1,
    "version_minor": 0
}