{
    "class_name": "PinholeCameraParameters",
    "extrinsic": [
        -0.9958710006420812,
        0.09064974102591764,
        0.004855361168172364,
        0.0,
        0.05210498207545889,
        0.5269861564942439,
        0.8482751096821953,
        0.0,
        0.07433721089101633,
        0.8450255708056167,
        -0.5295335341237472,
        0.0,
        -0.28363101249327677,
        -2.1662580405451966,
        4.547090900599155,
        1.0
    ],
    "intrinsic": {
        "class_name": "PinholeCameraIntrinsic",
        "height": 715,
        "intrinsic_matrix": [
            1120.2299868285534,
            0.0,
            0.0,
            0.0,
            1125.6281481242802,
            0.0,
            636,
            357,
            1.0
        ],
        "width": 1273
    },
    "version_major": 1,
    "version_minor": 0
}