{
    "class_name": "PinholeCameraParameters",
    "extrinsic": [
        0.9621132370319238,
        -0.021587750108071464,
        -0.2717942018756559,
        0.0,
        0.03491515924492706,
        0.9984082037804268,
        0.04429435944726027,
        0.0,
        0.27040534532966376,
        -0.05210592739039553,
        0.9613354885511779,
        0.0,
        -0.5422728233263088,
        1.6993731864567625,
        -1.8776843087402781,
        1.0
    ],
    "intrinsic": {
        "class_name": "PinholeCameraIntrinsic",
        "height": 715,
        "intrinsic_matrix": [
            1120.2299868285534,
            0.0,
            0.0,
            0.0,
            1125.6281481242802,
            0.0,
            636,
            357,
            1.0
        ],
        "width": 1273
    },
    "version_major": 1,
    "version_minor": 0
}