{
    "class_name": "PinholeCameraParameters",
    "extrinsic": [
        0.8743426202039288,
        -0.32113251294117606,
        0.3638665849277917,
        0.0,
        0.3265365251790013,
        0.9439424931840812,
        0.0484403477015253,
        0.0,
        -0.359024901948252,
        0.07646226973813008,
        0.9301906477102109,
        0.0,
        2.4950763280869515,
        1.208176797002128,
        -1.5760330374705165,
        1.0
    ],
    "intrinsic": {
        "class_name": "PinholeCameraIntrinsic",
        "height": 715,
        "intrinsic_matrix": [
            1120.2299868285534,
            0.0,
            0.0,
            0.0,
            1125.6281481242802,
            0.0,
            636,
            357,
            1.0
        ],
        "width": 1273
    },
    "version_major": 1,
    "version_minor": 0
}