{
    "class_name": "PinholeCameraParameters",
    "extrinsic": [
        0.003677638666519625,
        0.49889290642977785,
        -0.8666558387779357,
        0.0,
        -0.40891529405409394,
        0.7916406910158139,
        0.4539749977880483,
        0.0,
        0.9125649331759861,
        0.3527192711520787,
        0.20691630794950433,
        0.0,
        -3.9017132446326306,
        0.34903397343416487,
        0.984528201133788,
        1.0
    ],
    "intrinsic": {
        "class_name": "PinholeCameraIntrinsic",
        "height": 715,
        "intrinsic_matrix": [
            1120.2299868285534,
            0.0,
            0.0,
            0.0,
            1125.6281481242802,
            0.0,
            636,
            357,
            1.0
        ],
        "width": 1273
    },
    "version_major": 1,
    "version_minor": 0
}