{
    "class_name": "PinholeCameraParameters",
    "extrinsic": [
        0.2668481020916841,
        0.44987932550823795,
        -0.8522914307267903,
        0.0,
        -0.6942921724273495,
        0.7030807328874854,
        0.15373959265104026,
        0.0,
        0.6683939479948764,
        0.5507141504652384,
        0.4999634534255209,
        0.0,
        -2.324904186460785,
        -0.6540626025143866,
        -0.22889311717786096,
        1.0
    ],
    "intrinsic": {
        "class_name": "PinholeCameraIntrinsic",
        "height": 715,
        "intrinsic_matrix": [
            1120.2299868285534,
            0.0,
            0.0,
            0.0,
            1125.6281481242802,
            0.0,
            636,
            357,
            1.0
        ],
        "width": 1273
    },
    "version_major": 1,
    "version_minor": 0
}