{
    "class_name": "PinholeCameraParameters",
    "extrinsic": [
        0.32334466973484716,
        -0.4738769380652957,
        0.8190780622895005,
        0.0,
        0.5559180298534384,
        0.7955860299839562,
        0.24082776621112228,
        0.0,
        -0.7657697882770866,
        0.37746988815563454,
        0.5206852359130596,
        0.0,
        4.1945385090321174,
        -0.39540989342020866,
        0.3380542860561408,
        1.0
    ],
    "intrinsic": {
        "class_name": "PinholeCameraIntrinsic",
        "height": 715,
        "intrinsic_matrix": [
            1120.2299868285534,
            0.0,
            0.0,
            0.0,
            1125.6281481242802,
            0.0,
            636,
            357,
            1.0
        ],
        "width": 1273
    },
    "version_major": 1,
    "version_minor": 0
}