{
    "class_name": "PinholeCameraParameters",
    "extrinsic": [
        0.7823319024002543,
        0.24069259682169228,
        -0.5744770389859192,
        0.0,
        -0.23278326037431732,
        0.9684698610070699,
        0.08875856020942108,
        0.0,
        0.5777272264454062,
        0.06428998488238216,
        0.8136940762150855,
        0.0,
        -2.0113760878620925,
        1.4833059444361083,
        -1.4719853066434758,
        1.0
    ],
    "intrinsic": {
        "class_name": "PinholeCameraIntrinsic",
        "height": 715,
        "intrinsic_matrix": [
            1120.2299868285534,
            0.0,
            0.0,
            0.0,
            1125.6281481242802,
            0.0,
            636,
            357,
            1.0
        ],
        "width": 1273
    },
    "version_major": 1,
    "version_minor": 0
}