{
    "class_name": "PinholeCameraParameters",
    "extrinsic": [
        0.7190413431327125,
        -0.4081002534315494,
        0.562524426149665,
        0.0,
        0.6543980475206156,
        0.6700945598696841,
        -0.3503376603139612,
        0.0,
        -0.23397166979596287,
        0.6200221479771181,
        0.7488857013928959,
        0.0,
        1.4096246477389707,
        -1.1120829743617202,
        -0.4608457470364881,
        1.0
    ],
    "intrinsic": {
        "class_name": "PinholeCameraIntrinsic",
        "height": 715,
        "intrinsic_matrix": [
            1120.2299868285534,
            0.0,
            0.0,
            0.0,
            1125.6281481242802,
            0.0,
            636,
            357,
            1.0
        ],
        "width": 1273
    },
    "version_major": 1,
    "version_minor": 0
}