{
    "class_name": "PinholeCameraParameters",
    "extrinsic": [
        0.9815276820508001,
        -0.10168443624456118,
        -0.16206074414740057,
        0.0,
        0.10822315893064267,
        0.9936108057079004,
        0.0320205348420289,
        0.0,
        0.15776931653225962,
        -0.04896776701180588,
        0.9862611218915716,
        0.0,
        0.04116598253199758,
        1.8226745966486413,
        -1.9175560839403294,
        1.0
    ],
    "intrinsic": {
        "class_name": "PinholeCameraIntrinsic",
        "height": 715,
        "intrinsic_matrix": [
            1120.2299868285534,
            0.0,
            0.0,
            0.0,
            1125.6281481242802,
            0.0,
            636,
            357,
            1.0
        ],
        "width": 1273
    },
    "version_major": 1,
    "version_minor": 0
}