{
    "class_name": "PinholeCameraParameters",
    "extrinsic": [
        0.9730263379252629,
        0.019301007656696175,
        -0.22988522529120486,
        0.0,
        -0.01856129810056388,
        0.9998132497316667,
        0.005379951098813356,
        0.0,
        0.22994613264104674,
        -0.0009678659203500139,
        0.9732028767523173,
        0.0,
        -0.5731280189554604,
        1.5428830639391364,
        -2.0805836662280646,
        1.0
    ],
    "intrinsic": {
        "class_name": "PinholeCameraIntrinsic",
        "height": 715,
        "intrinsic_matrix": [
            1120.2299868285534,
            0.0,
            0.0,
            0.0,
            1125.6281481242802,
            0.0,
            636,
            357,
            1.0
        ],
        "width": 1273
    },
    "version_major": 1,
    "version_minor": 0
}