{
    "class_name": "PinholeCameraParameters",
    "extrinsic": [
        0.49084504522023514,
        0.3876757122393794,
        -0.7802427082148445,
        0.0,
        -0.3480856524599532,
        0.9082280424157442,
        0.23228904735521613,
        0.0,
        0.7986911293699672,
        0.15757336421284865,
        0.5807435877875632,
        0.0,
        -3.3764232927881577,
        1.0522829169537526,
        -0.36744236874601627,
        1.0
    ],
    "intrinsic": {
        "class_name": "PinholeCameraIntrinsic",
        "height": 715,
        "intrinsic_matrix": [
            1120.2299868285534,
            0.0,
            0.0,
            0.0,
            1125.6281481242802,
            0.0,
            636,
            357,
            1.0
        ],
        "width": 1273
    },
    "version_major": 1,
    "version_minor": 0
}