{
    "class_name": "PinholeCameraParameters",
    "extrinsic": [
        -0.8535773344034876,
        0.349554410191969,
        -0.3862867438936801,
        0.0,
        -0.14531996097054145,
        0.5522918056405508,
        0.8208872458296693,
        0.0,
        0.5002877603301495,
        0.7568259216871769,
        -0.4206265340253729,
        0.0,
        -1.716741114321602,
        -1.527329987906393,
        4.029226372648985,
        1.0
    ],
    "intrinsic": {
        "class_name": "PinholeCameraIntrinsic",
        "height": 715,
        "intrinsic_matrix": [
            1120.2299868285534,
            0.0,
            0.0,
            0.0,
            1125.6281481242802,
            0.0,
            636,
            357,
            1.0
        ],
        "width": 1273
    },
    "version_major": 1,
    "version_minor": 0
}