{
    "class_name": "PinholeCameraParameters",
    "extrinsic": [
        -0.7672372323332307,
        -0.19703832583791545,
        0.6103465634151103,
        0.0,
        0.4754293249615727,
        0.46401106121762564,
        0.7474360788952297,
        0.0,
        -0.4304811102571482,
        0.86363744315464,
        -0.2623287641359377,
        0.0,
        2.338217030056868,
        -2.5751813446597764,
        3.727102824548129,
        1.0
    ],
    "intrinsic": {
        "class_name": "PinholeCameraIntrinsic",
        "height": 715,
        "intrinsic_matrix": [
            1120.2299868285534,
            0.0,
            0.0,
            0.0,
            1125.6281481242802,
            0.0,
            636,
            357,
            1.0
        ],
        "width": 1273
    },
    "version_major": 1,
    "version_minor": 0
}