{
    "class_name": "PinholeCameraParameters",
    "extrinsic": [
        0.8983184330835539,
        0.1317530811677239,
        -0.41912422786701276,
        0.0,
        -0.1319399667007976,
        0.990842587007615,
        0.028684716471484354,
        0.0,
        0.4190654339948607,
        0.02953122711416134,
        0.9074756573351326,
        0.0,
        -1.4182858644744725,
        1.6204063087612268,
        -1.7663606062372446,
        1.0
    ],
    "intrinsic": {
        "class_name": "PinholeCameraIntrinsic",
        "height": 715,
        "intrinsic_matrix": [
            1120.2299868285534,
            0.0,
            0.0,
            0.0,
            1125.6281481242802,
            0.0,
            636,
            357,
            1.0
        ],
        "width": 1273
    },
    "version_major": 1,
    "version_minor": 0
}