{
    "class_name": "PinholeCameraParameters",
    "extrinsic": [
        0.9826835003089182,
        -0.1783558482591556,
        0.050222799726514694,
        0.0,
        0.18515463035464524,
        0.9347600716310165,
        -0.3032183558800681,
        0.0,
        0.0071344992008689915,
        0.30726665923287877,
        0.9515967102953955,
        0.0,
        0.4312647974779236,
        0.1256597251820335,
        -1.6842283779763119,
        1.0
    ],
    "intrinsic": {
        "class_name": "PinholeCameraIntrinsic",
        "height": 715,
        "intrinsic_matrix": [
            1120.2299868285534,
            0.0,
            0.0,
            0.0,
            1125.6281481242802,
            0.0,
            636,
            357,
            1.0
        ],
        "width": 1273
    },
    "version_major": 1,
    "version_minor": 0
}