{
    "class_name": "PinholeCameraParameters",
    "extrinsic": [
        0.9878139670910688,
        -0.1228114069717652,
        -0.09560818342286606,
        0.0,
        0.12607364148412126,
        0.9916015856013083,
        0.028839770385780204,
        0.0,
        0.09126337350075438,
        -0.040541999834575584,
        0.9950011773393412,
        0.0,
        0.4984678584972373,
        1.7865524881855517,
        -2.0252462967203435,
        1.0
    ],
    "intrinsic": {
        "class_name": "PinholeCameraIntrinsic",
        "height": 715,
        "intrinsic_matrix": [
            1120.2299868285534,
            0.0,
            0.0,
            0.0,
            1125.6281481242802,
            0.0,
            636,
            357,
            1.0
        ],
        "width": 1273
    },
    "version_major": 1,
    "version_minor": 0
}