{
    "class_name": "PinholeCameraParameters",
    "extrinsic": [
        0.1544163348136455,
        0.4827224723526293,
        -0.8620525565349741,
        0.0,
        -0.4048860108745006,
        0.8268061640233652,
        0.39045983830747805,
        0.0,
        0.9012341059574108,
        0.28873964365624133,
        0.3231199536401504,
        0.0,
        -3.7947582180566513,
        0.5119385829935211,
        0.6300899430967009,
        1.0
    ],
    "intrinsic": {
        "class_name": "PinholeCameraIntrinsic",
        "height": 715,
        "intrinsic_matrix": [
            1120.2299868285534,
            0.0,
            0.0,
            0.0,
            1125.6281481242802,
            0.0,
            636,
            357,
            1.0
        ],
        "width": 1273
    },
    "version_major": 1,
    "version_minor": 0
}