{
    "class_name": "PinholeCameraParameters",
    "extrinsic": [
        -0.9686732465016232,
        -0.04123836308850188,
        0.24489087145458496,
        0.0,
        0.19618025831518346,
        0.4775616792220359,
        0.8564158737354284,
        0.0,
        -0.15226768455385747,
        0.8776298991878125,
        -0.45451106949357856,
        0.0,
        0.9643148877266015,
        -2.349668904323197,
        4.534055557663454,
        1.0
    ],
    "intrinsic": {
        "class_name": "PinholeCameraIntrinsic",
        "height": 715,
        "intrinsic_matrix": [
            1120.2299868285534,
            0.0,
            0.0,
            0.0,
            1125.6281481242802,
            0.0,
            636,
            357,
            1.0
        ],
        "width": 1273
    },
    "version_major": 1,
    "version_minor": 0
}