{
    "class_name": "PinholeCameraParameters",
    "extrinsic": [
        -0.5315484958740717,
        0.5046263968588761,
        -0.6803002249942594,
        0.0,
        -0.26485608330971167,
        0.6638665237255849,
        0.6993800782195236,
        0.0,
        0.8045541943634691,
        0.5519360816885733,
        -0.21922388114074942,
        0.0,
        -3.4017003046838123,
        -0.6766069790017021,
        3.04529992064725,
        1.0
    ],
    "intrinsic": {
        "class_name": "PinholeCameraIntrinsic",
        "height": 715,
        "intrinsic_matrix": [
            1120.2299868285534,
            0.0,
            0.0,
            0.0,
            1125.6281481242802,
            0.0,
            636,
            357,
            1.0
        ],
        "width": 1273
    },
    "version_major": 1,
    "version_minor": 0
}