{
    "class_name": "PinholeCameraParameters",
    "extrinsic": [
        0.9325185991946486,
        0.09244102815662548,
        -0.3490898429765556,
        0.0,
        -0.09229928193776514,
        0.9955848291361423,
        0.01707895042826272,
        0.0,
        0.34912734741040147,
        0.01629430290942487,
        0.9369336107659243,
        0.0,
        -1.021933980632013,
        1.6296564080095495,
        -1.9165342110469539,
        1.0
    ],
    "intrinsic": {
        "class_name": "PinholeCameraIntrinsic",
        "height": 715,
        "intrinsic_matrix": [
            1120.2299868285534,
            0.0,
            0.0,
            0.0,
            1125.6281481242802,
            0.0,
            636,
            357,
            1.0
        ],
        "width": 1273
    },
    "version_major": 1,
    "version_minor": 0
}