{
    "class_name": "PinholeCameraParameters",
    "extrinsic": [
        -0.8172184443215821,
        0.36212949137979883,
        -0.4483483531068466,
        0.0,
        -0.17481866170180205,
        0.585528874450165,
        0.7915771426120854,
        0.0,
        0.5491743345982261,
        0.7252711001123174,
        -0.4151980028377602,
        0.0,
        -2.2094632227974027,
        -1.1423864643192951,
        3.930070654779808,
        1.0
    ],
    "intrinsic": {
        "class_name": "PinholeCameraIntrinsic",
        "height": 715,
        "intrinsic_matrix": [
            1120.2299868285534,
            0.0,
            0.0,
            0.0,
            1125.6281481242802,
            0.0,
            636,
            357,
            1.0
        ],
        "width": 1273
    },
    "version_major": 1,
    "version_minor": 0
}