{
    "class_name": "PinholeCameraParameters",
    "extrinsic": [
        0.8777922189120894,
        0.07787865269437318,
        -0.4726687379887733,
        0.0,
        -0.05923573842975694,
        0.9967701740967627,
        0.05422496956007265,
        0.0,
        0.4753650678268986,
        -0.019599374623150378,
        0.8795703023660526,
        0.0,
        -1.440580813237444,
        1.7501039523034176,
        -1.6386125166631984,
        1.0
    ],
    "intrinsic": {
        "class_name": "PinholeCameraIntrinsic",
        "height": 715,
        "intrinsic_matrix": [
            1120.2299868285534,
            0.0,
            0.0,
            0.0,
            1125.6281481242802,
            0.0,
            636,
            357,
            1.0
        ],
        "width": 1273
    },
    "version_major": 1,
    "version_minor": 0
}