{
    "class_name": "PinholeCameraParameters",
    "extrinsic": [
        -0.45713179213229455,
        -0.3649490341954966,
        0.8110750440382755,
        0.0,
        0.6335703722032358,
        0.5063905424222332,
        0.5849420501310958,
        0.0,
        -0.6241947677513563,
        0.7812687252060525,
        -0.0002663207458678336,
        0.0,
        3.032449482933773,
        -1.8751783040346697,
        2.5946136850758186,
        1.0
    ],
    "intrinsic": {
        "class_name": "PinholeCameraIntrinsic",
        "height": 715,
        "intrinsic_matrix": [
            1120.2299868285534,
            0.0,
            0.0,
            0.0,
            1125.6281481242802,
            0.0,
            636,
            357,
            1.0
        ],
        "width": 1273
    },
    "version_major": 1,
    "version_minor": 0
}