{
    "class_name": "PinholeCameraParameters",
    "extrinsic": [
        0.5491209983400736,
        0.3647333792148242,
        -0.7519545805888388,
        0.0,
        -0.32343425523228614,
        0.922378502299711,
        0.2112064890993608,
        0.0,
        0.7706207963222491,
        0.1272299515911143,
        0.6244646728949407,
        0.0,
        -3.3021983313931433,
        1.178734167936727,
        -0.5943454926369499,
        1.0
    ],
    "intrinsic": {
        "class_name": "PinholeCameraIntrinsic",
        "height": 715,
        "intrinsic_matrix": [
            1120.2299868285534,
            0.0,
            0.0,
            0.0,
            1125.6281481242802,
            0.0,
            636,
            357,
            1.0
        ],
        "width": 1273
    },
    "version_major": 1,
    "version_minor": 0
}