{
    "class_name": "PinholeCameraParameters",
    "extrinsic": [
        0.5767887015948651,
        0.33903404219957056,
        -0.7432164637185654,
        0.0,
        -0.3015906759706424,
        0.9339118443383629,
        0.19196804726851874,
        0.0,
        0.7591823614126456,
        0.11342215495368191,
        0.6409193060640179,
        0.0,
        -3.120916738449071,
        1.2499755686480798,
        -0.8276109877846913,
        1.0
    ],
    "intrinsic": {
        "class_name": "PinholeCameraIntrinsic",
        "height": 715,
        "intrinsic_matrix": [
            1120.2299868285534,
            0.0,
            0.0,
            0.0,
            1125.6281481242802,
            0.0,
            636,
            357,
            1.0
        ],
        "width": 1273
    },
    "version_major": 1,
    "version_minor": 0
}