{
    "class_name": "PinholeCameraParameters",
    "extrinsic": [
        -0.6839029137079932,
        0.4344828169353969,
        -0.5860899985578999,
        0.0,
        -0.22525103439808503,
        0.6383396624102173,
        0.7360600837544463,
        0.0,
        0.6939299504447904,
        0.6354110143693545,
        -0.3386946511148321,
        0.0,
        -3.0583358200436916,
        -0.7641639322703443,
        3.327118558799909,
        1.0
    ],
    "intrinsic": {
        "class_name": "PinholeCameraIntrinsic",
        "height": 715,
        "intrinsic_matrix": [
            1120.2299868285534,
            0.0,
            0.0,
            0.0,
            1125.6281481242802,
            0.0,
            636,
            357,
            1.0
        ],
        "width": 1273
    },
    "version_major": 1,
    "version_minor": 0
}