{
    "class_name": "PinholeCameraParameters",
    "extrinsic": [
        0.14866417440003685,
        0.4706384963925568,
        -0.8697116585186773,
        0.0,
        -0.7229562667395452,
        0.6517913105205628,
        0.22913385588320825,
        0.0,
        0.674709715086403,
        0.594699498270547,
        0.4371490673955334,
        0.0,
        -2.6039053937087178,
        -0.8044579469949006,
        0.10219893413630264,
        1.0
    ],
    "intrinsic": {
        "class_name": "PinholeCameraIntrinsic",
        "height": 715,
        "intrinsic_matrix": [
            1120.2299868285534,
            0.0,
            0.0,
            0.0,
            1125.6281481242802,
            0.0,
            636,
            357,
            1.0
        ],
        "width": 1273
    },
    "version_major": 1,
    "version_minor": 0
}