{
    "class_name": "PinholeCameraParameters",
    "extrinsic": [
        0.8455960470860444,
        0.11370825384660006,
        -0.5215723901431263,
        0.0,
        -0.09352330793328305,
        0.9934951008065064,
        0.06496826568938215,
        0.0,
        0.5255670423701172,
        -0.006157733400123377,
        0.8507299020803843,
        0.0,
        -1.6814709660061513,
        1.6814442128101528,
        -1.5323086798283285,
        1.0
    ],
    "intrinsic": {
        "class_name": "PinholeCameraIntrinsic",
        "height": 715,
        "intrinsic_matrix": [
            1120.2299868285534,
            0.0,
            0.0,
            0.0,
            1125.6281481242802,
            0.0,
            636,
            357,
            1.0
        ],
        "width": 1273
    },
    "version_major": 1,
    "version_minor": 0
}