{
    "class_name": "PinholeCameraParameters",
    "extrinsic": [
        0.8347973111743705,
        -0.3372384698252405,
        0.4351823338854321,
        0.0,
        0.35315531768760505,
        0.9344007566795893,
        0.04665348331665799,
        0.0,
        -0.42236805140186456,
        0.11474075294567876,
        0.8991327981830329,
        0.0,
        2.6933657763611585,
        1.2124103349743676,
        -1.3408110723861906,
        1.0
    ],
    "intrinsic": {
        "class_name": "PinholeCameraIntrinsic",
        "height": 715,
        "intrinsic_matrix": [
            1120.2299868285534,
            0.0,
            0.0,
            0.0,
            1125.6281481242802,
            0.0,
            636,
            357,
            1.0
        ],
        "width": 1273
    },
    "version_major": 1,
    "version_minor": 0
}