{
    "class_name": "PinholeCameraParameters",
    "extrinsic": [
        0.6147471558443136,
        -0.45035797821892565,
        0.6475056956011188,
        0.0,
        0.4705320393824836,
        0.868270854345809,
        0.15717927156008712,
        0.0,
        -0.6329972624710853,
        0.20804666531372343,
        0.7456748961551218,
        0.0,
        3.37642884079415,
        0.5330467653530346,
        -0.5850688193237594,
        1.0
    ],
    "intrinsic": {
        "class_name": "PinholeCameraIntrinsic",
        "height": 715,
        "intrinsic_matrix": [
            1120.2299868285534,
            0.0,
            0.0,
            0.0,
            1125.6281481242802,
            0.0,
            636,
            357,
            1.0
        ],
        "width": 1273
    },
    "version_major": 1,
    "version_minor": 0
}