{
    "class_name": "PinholeCameraParameters",
    "extrinsic": [
        0.24353521349426407,
        -0.4959856149309635,
        0.8334799755062247,
        0.0,
        0.6112660264219879,
        0.7456913446433228,
        0.26513819692059987,
        0.0,
        -0.753023535309871,
        0.4449075053374433,
        0.4847812568198529,
        0.0,
        3.837812627460258,
        -0.6630202883755316,
        0.2847902766689111,
        1.0
    ],
    "intrinsic": {
        "class_name": "PinholeCameraIntrinsic",
        "height": 715,
        "intrinsic_matrix": [
            1120.2299868285534,
            0.0,
            0.0,
            0.0,
            1125.6281481242802,
            0.0,
            636,
            357,
            1.0
        ],
        "width": 1273
    },
    "version_major": 1,
    "version_minor": 0
}