{
    "class_name": "PinholeCameraParameters",
    "extrinsic": [
        0.8971091723766682,
        -0.29739125762575275,
        0.326731652469458,
        0.0,
        0.2978309719798291,
        0.9533110436092074,
        0.049947635202020474,
        0.0,
        -0.3263308826439811,
        0.05250232395329812,
        0.9437964086667754,
        0.0,
        2.353146469548259,
        1.345109351690791,
        -1.8008840245474014,
        1.0
    ],
    "intrinsic": {
        "class_name": "PinholeCameraIntrinsic",
        "height": 715,
        "intrinsic_matrix": [
            1120.2299868285534,
            0.0,
            0.0,
            0.0,
            1125.6281481242802,
            0.0,
            636,
            357,
            1.0
        ],
        "width": 1273
    },
    "version_major": 1,
    "version_minor": 0
}