{
    "class_name": "PinholeCameraParameters",
    "extrinsic": [
        0.9951044170035733,
        -0.054077088316940365,
        -0.08272162824280196,
        0.0,
        0.04836138703399018,
        0.9964016593671123,
        -0.06960538380480101,
        0.0,
        0.08618802413402402,
        0.06526409219185446,
        0.9941389353436704,
        0.0,
        0.18907288608362832,
        1.2355317624418614,
        -1.9410015456821192,
        1.0
    ],
    "intrinsic": {
        "class_name": "PinholeCameraIntrinsic",
        "height": 715,
        "intrinsic_matrix": [
            1120.2299868285534,
            0.0,
            0.0,
            0.0,
            1125.6281481242802,
            0.0,
            636,
            357,
            1.0
        ],
        "width": 1273
    },
    "version_major": 1,
    "version_minor": 0
}