{
    "class_name": "PinholeCameraParameters",
    "extrinsic": [
        -0.1502639032017199,
        0.5140859080002901,
        -0.8444740603417616,
        0.0,
        -0.4005442028051919,
        0.7492732556537874,
        0.527403005263648,
        0.0,
        0.903872281350489,
        0.41749882342048744,
        0.09332540623416123,
        0.0,
        -4.069197346172736,
        -0.07923684375765931,
        1.6321820375784843,
        1.0
    ],
    "intrinsic": {
        "class_name": "PinholeCameraIntrinsic",
        "height": 715,
        "intrinsic_matrix": [
            1120.2299868285534,
            0.0,
            0.0,
            0.0,
            1125.6281481242802,
            0.0,
            636,
            357,
            1.0
        ],
        "width": 1273
    },
    "version_major": 1,
    "version_minor": 0
}