{
    "class_name": "PinholeCameraParameters",
    "extrinsic": [
        0.9871929701626007,
        -0.01894238101652512,
        -0.1584021018262305,
        0.0,
        0.01692426343171824,
        0.9997576343448038,
        -0.014079839366105773,
        0.0,
        0.15863041627896116,
        0.011218679543793283,
        0.9872742943379296,
        0.0,
        -0.17433106386801858,
        1.5254026969992098,
        -2.0790021629818525,
        1.0
    ],
    "intrinsic": {
        "class_name": "PinholeCameraIntrinsic",
        "height": 715,
        "intrinsic_matrix": [
            1120.2299868285534,
            0.0,
            0.0,
            0.0,
            1125.6281481242802,
            0.0,
            636,
            357,
            1.0
        ],
        "width": 1273
    },
    "version_major": 1,
    "version_minor": 0
}