{
    "class_name": "PinholeCameraParameters",
    "extrinsic": [
        0.28056238393715277,
        0.45950501772605584,
        -0.8426979811320772,
        0.0,
        -0.38331294853331693,
        0.8585508029332587,
        0.3405314996727202,
        0.0,
        0.8799749611245743,
        0.22747671851693793,
        0.41701128321254016,
        0.0,
        -3.680655719150328,
        0.7115658754656858,
        0.18903003243386526,
        1.0
    ],
    "intrinsic": {
        "class_name": "PinholeCameraIntrinsic",
        "height": 715,
        "intrinsic_matrix": [
            1120.2299868285534,
            0.0,
            0.0,
            0.0,
            1125.6281481242802,
            0.0,
            636,
            357,
            1.0
        ],
        "width": 1273
    },
    "version_major": 1,
    "version_minor": 0
}