{
    "class_name": "PinholeCameraParameters",
    "extrinsic": [
        0.8391287357643368,
        0.11474661982530987,
        -0.531691807397116,
        0.0,
        -0.09746273271942058,
        0.9933942952726753,
        0.06057053615882954,
        0.0,
        0.5351298725967454,
        0.000993659081924073,
        0.844769218246155,
        0.0,
        -1.8492544830587896,
        1.650676962476524,
        -1.488834975216325,
        1.0
    ],
    "intrinsic": {
        "class_name": "PinholeCameraIntrinsic",
        "height": 715,
        "intrinsic_matrix": [
            1120.2299868285534,
            0.0,
            0.0,
            0.0,
            1125.6281481242802,
            0.0,
            636,
            357,
            1.0
        ],
        "width": 1273
    },
    "version_major": 1,
    "version_minor": 0
}