{
    "class_name": "PinholeCameraParameters",
    "extrinsic": [
        0.2477202763339045,
        0.46526438575095747,
        -0.849802162885479,
        0.0,
        -0.3927794250045673,
        0.8500529007266734,
        0.35090510007586057,
        0.0,
        0.885640439448276,
        0.24685849654802758,
        0.39332161737681287,
        0.0,
        -3.737103774218204,
        0.5915851192498638,
        0.4718656495339578,
        1.0
    ],
    "intrinsic": {
        "class_name": "PinholeCameraIntrinsic",
        "height": 715,
        "intrinsic_matrix": [
            1120.2299868285534,
            0.0,
            0.0,
            0.0,
            1125.6281481242802,
            0.0,
            636,
            357,
            1.0
        ],
        "width": 1273
    },
    "version_major": 1,
    "version_minor": 0
}