{
    "class_name": "PinholeCameraParameters",
    "extrinsic": [
        0.9410116935675529,
        0.0032138265581042732,
        -0.33835877982990215,
        0.0,
        0.01359022950127635,
        0.9987890951850092,
        0.04728265011199347,
        0.0,
        0.33810101779087925,
        -0.04909190012990923,
        0.9398285413363473,
        0.0,
        -0.8976757663084278,
        1.7241746468303156,
        -1.8220949068422339,
        1.0
    ],
    "intrinsic": {
        "class_name": "PinholeCameraIntrinsic",
        "height": 715,
        "intrinsic_matrix": [
            1120.2299868285534,
            0.0,
            0.0,
            0.0,
            1125.6281481242802,
            0.0,
            636,
            357,
            1.0
        ],
        "width": 1273
    },
    "version_major": 1,
    "version_minor": 0
}