{
    "class_name": "PinholeCameraParameters",
    "extrinsic": [
        0.9621402331755878,
        0.059881294432344696,
        -0.2658954724735496,
        0.0,
        -0.06332969494635458,
        0.9979829341389703,
        -0.004406007872548648,
        0.0,
        0.26509530633873357,
        0.021078276601234156,
        0.9639917970671196,
        0.0,
        -0.7169174681644429,
        1.5490374579892277,
        -2.0611021951098416,
        1.0
    ],
    "intrinsic": {
        "class_name": "PinholeCameraIntrinsic",
        "height": 715,
        "intrinsic_matrix": [
            1120.2299868285534,
            0.0,
            0.0,
            0.0,
            1125.6281481242802,
            0.0,
            636,
            357,
            1.0
        ],
        "width": 1273
    },
    "version_major": 1,
    "version_minor": 0
}