{
    "class_name": "PinholeCameraParameters",
    "extrinsic": [
        0.8573588974083899,
        0.1616672095014234,
        -0.4886710902096547,
        0.0,
        -0.1535738059780186,
        0.9864962995022998,
        0.056922202923768574,
        0.0,
        0.49127467587093837,
        0.026244322058145503,
        0.8706092283037279,
        0.0,
        -1.830725964243829,
        1.5762119668444694,
        -1.60789915708381,
        1.0
    ],
    "intrinsic": {
        "class_name": "PinholeCameraIntrinsic",
        "height": 715,
        "intrinsic_matrix": [
            1120.2299868285534,
            0.0,
            0.0,
            0.0,
            1125.6281481242802,
            0.0,
            636,
            357,
            1.0
        ],
        "width": 1273
    },
    "version_major": 1,
    "version_minor": 0
}