{
    "class_name": "PinholeCameraParameters",
    "extrinsic": [
        -0.8133171864014919,
        -0.19687789795316055,
        0.547498171322522,
        0.0,
        0.427974344413898,
        0.4350369338703374,
        0.7921999916007257,
        0.0,
        -0.39414859485662895,
        0.878625039175552,
        -0.2695643257300645,
        0.0,
        2.0316698850017425,
        -2.4516409635511582,
        3.8423695829473736,
        1.0
    ],
    "intrinsic": {
        "class_name": "PinholeCameraIntrinsic",
        "height": 715,
        "intrinsic_matrix": [
            1120.2299868285534,
            0.0,
            0.0,
            0.0,
            1125.6281481242802,
            0.0,
            636,
            357,
            1.0
        ],
        "width": 1273
    },
    "version_major": 1,
    "version_minor": 0
}