{
    "class_name": "PinholeCameraParameters",
    "extrinsic": [
        -0.8821978727332517,
        0.3237864575867035,
        -0.34189068900509495,
        0.0,
        -0.11822509980747928,
        0.5505062664918078,
        0.8264173741692279,
        0.0,
        0.4557957208228663,
        0.7694837103127683,
        -0.44737577096089914,
        0.0,
        -1.6524427069343675,
        -1.5592215290516551,
        4.116622383741056,
        1.0
    ],
    "intrinsic": {
        "class_name": "PinholeCameraIntrinsic",
        "height": 715,
        "intrinsic_matrix": [
            1120.2299868285534,
            0.0,
            0.0,
            0.0,
            1125.6281481242802,
            0.0,
            636,
            357,
            1.0
        ],
        "width": 1273
    },
    "version_major": 1,
    "version_minor": 0
}