{
    "class_name": "PinholeCameraParameters",
    "extrinsic": [
        0.9832211310424147,
        -0.08047246033873426,
        -0.1637082484137731,
        0.0,
        0.08747622331167282,
        0.9955151456654466,
        0.0360208981819009,
        0.0,
        0.16007535046596386,
        -0.049737087547778294,
        0.9858509544020657,
        0.0,
        -0.13072414108406868,
        1.7852163686054343,
        -1.9910686107858548,
        1.0
    ],
    "intrinsic": {
        "class_name": "PinholeCameraIntrinsic",
        "height": 715,
        "intrinsic_matrix": [
            1120.2299868285534,
            0.0,
            0.0,
            0.0,
            1125.6281481242802,
            0.0,
            636,
            357,
            1.0
        ],
        "width": 1273
    },
    "version_major": 1,
    "version_minor": 0
}