{
    "class_name": "PinholeCameraParameters",
    "extrinsic": [
        0.8621813845219745,
        -0.3277321834639792,
        0.38630930108619416,
        0.0,
        0.4859670875177057,
        0.750458688127601,
        -0.447937213528145,
        0.0,
        -0.14310573026028597,
        0.5739367328684695,
        0.806298565440208,
        0.0,
        1.0728525893011496,
        -0.9044649575679005,
        -0.6975648367340512,
        1.0
    ],
    "intrinsic": {
        "class_name": "PinholeCameraIntrinsic",
        "height": 715,
        "intrinsic_matrix": [
            1120.2299868285534,
            0.0,
            0.0,
            0.0,
            1125.6281481242802,
            0.0,
            636,
            357,
            1.0
        ],
        "width": 1273
    },
    "version_major": 1,
    "version_minor": 0
}