{
    "class_name": "PinholeCameraParameters",
    "extrinsic": [
        0.7614089490680419,
        -0.3857189660744268,
        0.5210348275207476,
        0.0,
        0.401732071795765,
        0.9115439786835858,
        0.08774347506442087,
        0.0,
        -0.508790482192604,
        0.14250773360128044,
        0.8490134222107708,
        0.0,
        2.97110589068676,
        0.9740215967617245,
        -1.1097296073581184,
        1.0
    ],
    "intrinsic": {
        "class_name": "PinholeCameraIntrinsic",
        "height": 715,
        "intrinsic_matrix": [
            1120.2299868285534,
            0.0,
            0.0,
            0.0,
            1125.6281481242802,
            0.0,
            636,
            357,
            1.0
        ],
        "width": 1273
    },
    "version_major": 1,
    "version_minor": 0
}