{
    "class_name": "PinholeCameraParameters",
    "extrinsic": [
        -0.31339188411838065,
        -0.4187702837129903,
        0.8523009893504012,
        0.0,
        0.6631409024288838,
        0.545919669443976,
        0.5120701690588755,
        0.0,
        -0.6797276443506889,
        0.7256742823010345,
        0.10661691006750082,
        0.0,
        3.8884773191048723,
        -1.7658201777583873,
        2.1675798392210486,
        1.0
    ],
    "intrinsic": {
        "class_name": "PinholeCameraIntrinsic",
        "height": 715,
        "intrinsic_matrix": [
            1120.2299868285534,
            0.0,
            0.0,
            0.0,
            1125.6281481242802,
            0.0,
            636,
            357,
            1.0
        ],
        "width": 1273
    },
    "version_major": 1,
    "version_minor": 0
}