{
    "class_name": "PinholeCameraParameters",
    "extrinsic": [
        -0.5888115373142316,
        -0.30664602820201936,
        0.7478430229089374,
        0.0,
        0.5695697934099914,
        0.49906726688743464,
        0.6530866049433306,
        0.0,
        -0.5734903869818142,
        0.8104937239173615,
        -0.11920024970618377,
        0.0,
        2.8382953629673087,
        -2.1761708767325927,
        3.3059495353645705,
        1.0
    ],
    "intrinsic": {
        "class_name": "PinholeCameraIntrinsic",
        "height": 715,
        "intrinsic_matrix": [
            1120.2299868285534,
            0.0,
            0.0,
            0.0,
            1125.6281481242802,
            0.0,
            636,
            357,
            1.0
        ],
        "width": 1273
    },
    "version_major": 1,
    "version_minor": 0
}