{
    "class_name": "PinholeCameraParameters",
    "extrinsic": [
        0.6025878359951233,
        -0.44626349271928284,
        0.6616168037290929,
        0.0,
        0.7432165356404078,
        0.6158141953920475,
        -0.2615378708797552,
        0.0,
        -0.2907182159091252,
        0.6493240884332196,
        0.7027525504179857,
        0.0,
        1.516472047805644,
        -1.1694077409766122,
        -0.3326271051529102,
        1.0
    ],
    "intrinsic": {
        "class_name": "PinholeCameraIntrinsic",
        "height": 715,
        "intrinsic_matrix": [
            1120.2299868285534,
            0.0,
            0.0,
            0.0,
            1125.6281481242802,
            0.0,
            636,
            357,
            1.0
        ],
        "width": 1273
    },
    "version_major": 1,
    "version_minor": 0
}