{
    "class_name": "PinholeCameraParameters",
    "extrinsic": [
        -0.06249050951300656,
        0.507650804654722,
        -0.8592936615349948,
        0.0,
        -0.7318821773141878,
        0.5620592604208887,
        0.3852763505653669,
        0.0,
        0.6785598092656597,
        0.6529778314066542,
        0.33641720666579245,
        0.0,
        -2.5800487947980413,
        -1.0509589950973595,
        0.5357689815881561,
        1.0
    ],
    "intrinsic": {
        "class_name": "PinholeCameraIntrinsic",
        "height": 715,
        "intrinsic_matrix": [
            1120.2299868285534,
            0.0,
            0.0,
            0.0,
            1125.6281481242802,
            0.0,
            636,
            357,
            1.0
        ],
        "width": 1273
    },
    "version_major": 1,
    "version_minor": 0
}