{
    "class_name": "PinholeCameraParameters",
    "extrinsic": [
        -0.11838368012024317,
        0.5092276730888878,
        -0.8524508673475936,
        0.0,
        -0.39696518229018335,
        0.7626299189963645,
        0.5106997657145733,
        0.0,
        0.9101669892555484,
        0.3988518316518995,
        0.1118627196943437,
        0.0,
        -3.908260095178043,
        0.11083338535858069,
        1.4634590906742668,
        1.0
    ],
    "intrinsic": {
        "class_name": "PinholeCameraIntrinsic",
        "height": 715,
        "intrinsic_matrix": [
            1120.2299868285534,
            0.0,
            0.0,
            0.0,
            1125.6281481242802,
            0.0,
            636,
            357,
            1.0
        ],
        "width": 1273
    },
    "version_major": 1,
    "version_minor": 0
}