{
    "class_name": "PinholeCameraParameters",
    "extrinsic": [
        -0.9397828498460182,
        -0.06855905621952978,
        0.3348251050109343,
        0.0,
        0.2677868152285341,
        0.46102147020013307,
        0.8460197548546172,
        0.0,
        -0.2123638781079654,
        0.8847366047727397,
        -0.4149008597847803,
        0.0,
        1.1973636116640414,
        -2.443557350273512,
        4.488607800538364,
        1.0
    ],
    "intrinsic": {
        "class_name": "PinholeCameraIntrinsic",
        "height": 715,
        "intrinsic_matrix": [
            1120.2299868285534,
            0.0,
            0.0,
            0.0,
            1125.6281481242802,
            0.0,
            636,
            357,
            1.0
        ],
        "width": 1273
    },
    "version_major": 1,
    "version_minor": 0
}