{
    "class_name": "PinholeCameraParameters",
    "extrinsic": [
        -0.4362912266023566,
        0.4974688272289735,
        -0.7497831229930696,
        0.0,
        -0.365354869314364,
        0.6635513486330511,
        0.6528517651010396,
        0.0,
        0.8222930043835316,
        0.5587704123006949,
        -0.1077489734485502,
        0.0,
        -3.319753601171915,
        -0.6433892621244862,
        2.536645077674527,
        1.0
    ],
    "intrinsic": {
        "class_name": "PinholeCameraIntrinsic",
        "height": 715,
        "intrinsic_matrix": [
            1120.2299868285534,
            0.0,
            0.0,
            0.0,
            1125.6281481242802,
            0.0,
            636,
            357,
            1.0
        ],
        "width": 1273
    },
    "version_major": 1,
    "version_minor": 0
}