{
    "class_name": "PinholeCameraParameters",
    "extrinsic": [
        -0.9451030327489296,
        0.23470356844005932,
        -0.22736422860748823,
        0.0,
        -0.06313504176957574,
        0.5515243680952164,
        0.8317660956650772,
        0.0,
        0.32061538327025063,
        0.8004593096208418,
        -0.5064293333247945,
        0.0,
        -1.1857890901145822,
        -1.7087171764509022,
        4.400499423578748,
        1.0
    ],
    "intrinsic": {
        "class_name": "PinholeCameraIntrinsic",
        "height": 715,
        "intrinsic_matrix": [
            1120.2299868285534,
            0.0,
            0.0,
            0.0,
            1125.6281481242802,
            0.0,
            636,
            357,
            1.0
        ],
        "width": 1273
    },
    "version_major": 1,
    "version_minor": 0
}