{
    "class_name": "PinholeCameraParameters",
    "extrinsic": [
        -0.42232591541521086,
        -0.3636393328200659,
        0.8303055201519985,
        0.0,
        0.6455584615182258,
        0.5223615337837221,
        0.5571289803854564,
        0.0,
        -0.63631367573778,
        0.7713007608250458,
        0.014143635309932071,
        0.0,
        3.324884236196006,
        -1.9086550898785817,
        2.472544096357554,
        1.0
    ],
    "intrinsic": {
        "class_name": "PinholeCameraIntrinsic",
        "height": 715,
        "intrinsic_matrix": [
            1120.2299868285534,
            0.0,
            0.0,
            0.0,
            1125.6281481242802,
            0.0,
            636,
            357,
            1.0
        ],
        "width": 1273
    },
    "version_major": 1,
    "version_minor": 0
}