{
    "class_name": "PinholeCameraParameters",
    "extrinsic": [
        0.9570207368848683,
        -0.2318909193105364,
        0.17417781349430847,
        0.0,
        0.28689766794718663,
        0.8448503128252944,
        -0.45157244938710345,
        0.0,
        -0.042438629794206206,
        0.4821354067690076,
        0.8750682329057969,
        0.0,
        0.7358351602994477,
        -0.558029856132371,
        -1.1473959383452017,
        1.0
    ],
    "intrinsic": {
        "class_name": "PinholeCameraIntrinsic",
        "height": 715,
        "intrinsic_matrix": [
            1120.2299868285534,
            0.0,
            0.0,
            0.0,
            1125.6281481242802,
            0.0,
            636,
            357,
            1.0
        ],
        "width": 1273
    },
    "version_major": 1,
    "version_minor": 0
}