{
    "class_name": "PinholeCameraParameters",
    "extrinsic": [
        0.5597602208733407,
        -0.47529511282793746,
        0.6787952937739823,
        0.0,
        0.7631496615900236,
        0.6148920201895242,
        -0.19877222522847152,
        0.0,
        -0.3229103422667986,
        0.62928718342989,
        0.7069133975445754,
        0.0,
        1.6862632824190509,
        -1.3468677740857564,
        -0.07653919812062325,
        1.0
    ],
    "intrinsic": {
        "class_name": "PinholeCameraIntrinsic",
        "height": 715,
        "intrinsic_matrix": [
            1120.2299868285534,
            0.0,
            0.0,
            0.0,
            1125.6281481242802,
            0.0,
            636,
            357,
            1.0
        ],
        "width": 1273
    },
    "version_major": 1,
    "version_minor": 0
}