{
    "class_name": "PinholeCameraParameters",
    "extrinsic": [
        0.9870740169682499,
        -0.16004102749689764,
        -0.008470805386764665,
        0.0,
        0.16017759436858847,
        0.9869022687935542,
        0.01915855193973104,
        0.0,
        0.005293702716919472,
        -0.020267742051661614,
        0.9997805735978631,
        0.0,
        0.7674801537904568,
        1.6847531913810212,
        -1.934271005408412,
        1.0
    ],
    "intrinsic": {
        "class_name": "PinholeCameraIntrinsic",
        "height": 715,
        "intrinsic_matrix": [
            1120.2299868285534,
            0.0,
            0.0,
            0.0,
            1125.6281481242802,
            0.0,
            636,
            357,
            1.0
        ],
        "width": 1273
    },
    "version_major": 1,
    "version_minor": 0
}