{
    "class_name": "PinholeCameraParameters",
    "extrinsic": [
        0.9811539524622197,
        -0.18900367803492166,
        0.040181230158323374,
        0.0,
        0.18921741130321953,
        0.8976424695508182,
        -0.3980386515382854,
        0.0,
        0.03916239047188929,
        0.3981401845430578,
        0.9164882435822879,
        0.0,
        0.3907123176204204,
        -0.1547261392283235,
        -1.3690866427367516,
        1.0
    ],
    "intrinsic": {
        "class_name": "PinholeCameraIntrinsic",
        "height": 715,
        "intrinsic_matrix": [
            1120.2299868285534,
            0.0,
            0.0,
            0.0,
            1125.6281481242802,
            0.0,
            636,
            357,
            1.0
        ],
        "width": 1273
    },
    "version_major": 1,
    "version_minor": 0
}