{
    "class_name": "PinholeCameraParameters",
    "extrinsic": [
        -0.3615543758076772,
        -0.4068884564169046,
        0.8388803355479187,
        0.0,
        0.6352250264429765,
        0.551103813045564,
        0.54108571689443,
        0.0,
        -0.6824716837458094,
        0.7285096919611354,
        0.05921173535585051,
        0.0,
        3.6125859407249235,
        -1.857327287888434,
        2.381468388768546,
        1.0
    ],
    "intrinsic": {
        "class_name": "PinholeCameraIntrinsic",
        "height": 715,
        "intrinsic_matrix": [
            1120.2299868285534,
            0.0,
            0.0,
            0.0,
            1125.6281481242802,
            0.0,
            636,
            357,
            1.0
        ],
        "width": 1273
    },
    "version_major": 1,
    "version_minor": 0
}