{
    "class_name": "PinholeCameraParameters",
    "extrinsic": [
        0.8783874592474008,
        0.396093134941226,
        -0.26748027944005043,
        0.0,
        -0.47413124828244,
        0.6515387857646838,
        -0.5921965636901451,
        0.0,
        -0.0602912169310822,
        0.6469987937366751,
        0.7601036311347662,
        0.0,
        1.0465419789686001,
        -0.936256553000602,
        -0.19262532160514015,
        1.0
    ],
    "intrinsic": {
        "class_name": "PinholeCameraIntrinsic",
        "height": 715,
        "intrinsic_matrix": [
            1120.2299868285534,
            0.0,
            0.0,
            0.0,
            1125.6281481242802,
            0.0,
            636,
            357,
            1.0
        ],
        "width": 1273
    },
    "version_major": 1,
    "version_minor": 0
}