{
    "class_name": "PinholeCameraParameters",
    "extrinsic": [
        0.40247199773937953,
        0.42271807992411753,
        -0.81198874126489,
        0.0,
        -0.37425132424952345,
        0.8854676336279402,
        0.2754687207194564,
        0.0,
        0.8354353579620335,
        0.19301941535141795,
        0.5145787286356148,
        0.0,
        -3.5158565040086245,
        0.8793144402223743,
        -0.08592745157605662,
        1.0
    ],
    "intrinsic": {
        "class_name": "PinholeCameraIntrinsic",
        "height": 715,
        "intrinsic_matrix": [
            1120.2299868285534,
            0.0,
            0.0,
            0.0,
            1125.6281481242802,
            0.0,
            636,
            357,
            1.0
        ],
        "width": 1273
    },
    "version_major": 1,
    "version_minor": 0
}