{
    "class_name": "PinholeCameraParameters",
    "extrinsic": [
        -0.8810544835037961,
        -0.1505049965383938,
        0.44843198270734047,
        0.0,
        0.34304212133619383,
        0.44942301513366995,
        0.8248278950528559,
        0.0,
        -0.3256763732404033,
        0.8805493736782389,
        -0.34433660918908704,
        0.0,
        1.6475036477542864,
        -2.4673784382314077,
        4.266143263697745,
        1.0
    ],
    "intrinsic": {
        "class_name": "PinholeCameraIntrinsic",
        "height": 715,
        "intrinsic_matrix": [
            1120.2299868285534,
            0.0,
            0.0,
            0.0,
            1125.6281481242802,
            0.0,
            636,
            357,
            1.0
        ],
        "width": 1273
    },
    "version_major": 1,
    "version_minor": 0
}