{
    "class_name": "PinholeCameraParameters",
    "extrinsic": [
        0.47649259901103924,
        0.40248278744388216,
        -0.7816408439296834,
        0.0,
        -0.6326400812899367,
        0.7743358148854884,
        0.01306037254785856,
        0.0,
        0.6105090749801899,
        0.4882741561838279,
        0.6235920283084154,
        0.0,
        -1.9879376869848684,
        -0.3375244203908692,
        -1.0320671777072346,
        1.0
    ],
    "intrinsic": {
        "class_name": "PinholeCameraIntrinsic",
        "height": 715,
        "intrinsic_matrix": [
            1120.2299868285534,
            0.0,
            0.0,
            0.0,
            1125.6281481242802,
            0.0,
            636,
            357,
            1.0
        ],
        "width": 1273
    },
    "version_major": 1,
    "version_minor": 0
}