{
    "class_name": "PinholeCameraParameters",
    "extrinsic": [
        -0.2984711459277967,
        0.5225602392927544,
        -0.7986524722048051,
        0.0,
        -0.3882458049423141,
        0.6979545346029447,
        0.6017679474447617,
        0.0,
        0.8718831171626402,
        0.4896838407967798,
        -0.005437469013379239,
        0.0,
        -3.869347338680694,
        -0.346287731063696,
        2.019029031508282,
        1.0
    ],
    "intrinsic": {
        "class_name": "PinholeCameraIntrinsic",
        "height": 715,
        "intrinsic_matrix": [
            1120.2299868285534,
            0.0,
            0.0,
            0.0,
            1125.6281481242802,
            0.0,
            636,
            357,
            1.0
        ],
        "width": 1273
    },
    "version_major": 1,
    "version_minor": 0
}