{
    "class_name": "PinholeCameraParameters",
    "extrinsic": [
        0.6534423916879181,
        0.3278716398909122,
        -0.6822852984642256,
        0.0,
        -0.5869730292539942,
        0.7886079204011809,
        -0.18319446173100967,
        0.0,
        0.47799132175549286,
        0.5201900956725037,
        0.7077616552842265,
        0.0,
        -1.373020153268319,
        -0.4978044687323939,
        -1.017381472202804,
        1.0
    ],
    "intrinsic": {
        "class_name": "PinholeCameraIntrinsic",
        "height": 715,
        "intrinsic_matrix": [
            1120.2299868285534,
            0.0,
            0.0,
            0.0,
            1125.6281481242802,
            0.0,
            636,
            357,
            1.0
        ],
        "width": 1273
    },
    "version_major": 1,
    "version_minor": 0
}