{
    "class_name": "PinholeCameraParameters",
    "extrinsic": [
        0.9891910251021446,
        -0.1348406055685784,
        0.05761186463973639,
        0.0,
        0.14466936501436772,
        0.9615405397022198,
        -0.233474977964457,
        0.0,
        -0.023914236005105474,
        0.23928602466308624,
        0.9706545769310673,
        0.0,
        0.5951351327252888,
        0.4747077211798055,
        -1.975264736819076,
        1.0
    ],
    "intrinsic": {
        "class_name": "PinholeCameraIntrinsic",
        "height": 715,
        "intrinsic_matrix": [
            1120.2299868285534,
            0.0,
            0.0,
            0.0,
            1125.6281481242802,
            0.0,
            636,
            357,
            1.0
        ],
        "width": 1273
    },
    "version_major": 1,
    "version_minor": 0
}