{
    "class_name": "PinholeCameraParameters",
    "extrinsic": [
        0.2720680810478763,
        -0.46815326399064855,
        0.8407208101919614,
        0.0,
        0.5905988825735023,
        0.7710059830567015,
        0.23820733404683295,
        0.0,
        -0.7597183156788155,
        0.4317201587900099,
        0.48625691287268313,
        0.0,
        3.9556660792021336,
        -0.5954916495227842,
        0.4989739194836381,
        1.0
    ],
    "intrinsic": {
        "class_name": "PinholeCameraIntrinsic",
        "height": 715,
        "intrinsic_matrix": [
            1120.2299868285534,
            0.0,
            0.0,
            0.0,
            1125.6281481242802,
            0.0,
            636,
            357,
            1.0
        ],
        "width": 1273
    },
    "version_major": 1,
    "version_minor": 0
}