{
    "class_name": "PinholeCameraParameters",
    "extrinsic": [
        0.5439189551746106,
        -0.4602264750959969,
        0.7016721184588095,
        0.0,
        0.49382029766828656,
        0.8516129249769296,
        0.175775253158808,
        0.0,
        -0.6784494703458502,
        0.25089244235917507,
        0.690477587293377,
        0.0,
        3.5477094788877177,
        0.39147199947803807,
        -0.28674064846563385,
        1.0
    ],
    "intrinsic": {
        "class_name": "PinholeCameraIntrinsic",
        "height": 715,
        "intrinsic_matrix": [
            1120.2299868285534,
            0.0,
            0.0,
            0.0,
            1125.6281481242802,
            0.0,
            636,
            357,
            1.0
        ],
        "width": 1273
    },
    "version_major": 1,
    "version_minor": 0
}