{
    "class_name": "PinholeCameraParameters",
    "extrinsic": [
        -0.991928844997852,
        0.01991136173588505,
        0.1252226183045622,
        0.0,
        0.117505722908122,
        0.5154156358505275,
        0.848845761846424,
        0.0,
        -0.04764002041421674,
        0.8567089704179706,
        -0.5135953353179075,
        0.0,
        0.37779875908404653,
        -2.1057750213666906,
        4.777355366755897,
        1.0
    ],
    "intrinsic": {
        "class_name": "PinholeCameraIntrinsic",
        "height": 715,
        "intrinsic_matrix": [
            1120.2299868285534,
            0.0,
            0.0,
            0.0,
            1125.6281481242802,
            0.0,
            636,
            357,
            1.0
        ],
        "width": 1273
    },
    "version_major": 1,
    "version_minor": 0
}