{
    "class_name": "PinholeCameraParameters",
    "extrinsic": [
        0.8758521159250199,
        0.3985002279306665,
        -0.2721775879253697,
        0.0,
        -0.47834218090224845,
        0.6423247991371881,
        -0.5988385511830812,
        0.0,
        -0.06381088464632044,
        0.65468803315211,
        0.7532010025538176,
        0.0,
        1.0186047278311334,
        -0.8808852009565493,
        -0.191007124658012,
        1.0
    ],
    "intrinsic": {
        "class_name": "PinholeCameraIntrinsic",
        "height": 715,
        "intrinsic_matrix": [
            1120.2299868285534,
            0.0,
            0.0,
            0.0,
            1125.6281481242802,
            0.0,
            636,
            357,
            1.0
        ],
        "width": 1273
    },
    "version_major": 1,
    "version_minor": 0
}