{
    "class_name": "PinholeCameraParameters",
    "extrinsic": [
        0.584215956873532,
        0.3417146336572166,
        -0.7361540768608552,
        0.0,
        -0.31385741642506243,
        0.9315971755571989,
        0.18335818675159893,
        0.0,
        0.7484552343923638,
        0.12392663813064363,
        0.6515036074131195,
        0.0,
        -2.7677766054373576,
        1.345939862762988,
        -0.9119045828919387,
        1.0
    ],
    "intrinsic": {
        "class_name": "PinholeCameraIntrinsic",
        "height": 715,
        "intrinsic_matrix": [
            1120.2299868285534,
            0.0,
            0.0,
            0.0,
            1125.6281481242802,
            0.0,
            636,
            357,
            1.0
        ],
        "width": 1273
    },
    "version_major": 1,
    "version_minor": 0
}