{
    "class_name": "PinholeCameraParameters",
    "extrinsic": [
        0.26665695921488775,
        -0.48007670302659144,
        0.8357155169753567,
        0.0,
        0.589208294850087,
        0.7674041445521105,
        0.2528328780125263,
        0.0,
        -0.7627107258863761,
        0.4249908682964397,
        0.4874988312627174,
        0.0,
        3.95220978322974,
        -0.5075487081844566,
        0.46455452158834326,
        1.0
    ],
    "intrinsic": {
        "class_name": "PinholeCameraIntrinsic",
        "height": 715,
        "intrinsic_matrix": [
            1120.2299868285534,
            0.0,
            0.0,
            0.0,
            1125.6281481242802,
            0.0,
            636,
            357,
            1.0
        ],
        "width": 1273
    },
    "version_major": 1,
    "version_minor": 0
}