{
    "class_name": "PinholeCameraParameters",
    "extrinsic": [
        0.736786669386264,
        0.2573823029397984,
        -0.6252197645213255,
        0.0,
        -0.5414236596665613,
        0.7784668421460146,
        -0.31756856965461705,
        0.0,
        0.404976325935188,
        0.5724890617405869,
        0.7129168602434779,
        0.0,
        -0.9811628235687927,
        -0.7916650592225257,
        -0.8791544594536996,
        1.0
    ],
    "intrinsic": {
        "class_name": "PinholeCameraIntrinsic",
        "height": 715,
        "intrinsic_matrix": [
            1120.2299868285534,
            0.0,
            0.0,
            0.0,
            1125.6281481242802,
            0.0,
            636,
            357,
            1.0
        ],
        "width": 1273
    },
    "version_major": 1,
    "version_minor": 0
}