{
    "class_name": "PinholeCameraParameters",
    "extrinsic": [
        0.9489007425699909,
        -0.24694588196758024,
        0.1964818366398627,
        0.0,
        0.2453540258160005,
        0.9688786170898501,
        0.0327967584059907,
        0.0,
        -0.19846607459714902,
        0.017086741213978896,
        0.9799588055161734,
        0.0,
        1.802203321786069,
        1.528127837162409,
        -2.119368127891132,
        1.0
    ],
    "intrinsic": {
        "class_name": "PinholeCameraIntrinsic",
        "height": 715,
        "intrinsic_matrix": [
            1120.2299868285534,
            0.0,
            0.0,
            0.0,
            1125.6281481242802,
            0.0,
            636,
            357,
            1.0
        ],
        "width": 1273
    },
    "version_major": 1,
    "version_minor": 0
}