{
    "class_name": "PinholeCameraParameters",
    "extrinsic": [
        -0.9675989827874821,
        0.19230715071254767,
        -0.16361591699297282,
        0.0,
        -0.032577179470203416,
        0.5475037625391213,
        0.8361688569800192,
        0.0,
        0.25038158056533644,
        0.8144062805445003,
        -0.5234992591430067,
        0.0,
        -0.8904519883315648,
        -1.8406275000479448,
        4.5413928686911325,
        1.0
    ],
    "intrinsic": {
        "class_name": "PinholeCameraIntrinsic",
        "height": 715,
        "intrinsic_matrix": [
            1120.2299868285534,
            0.0,
            0.0,
            0.0,
            1125.6281481242802,
            0.0,
            636,
            357,
            1.0
        ],
        "width": 1273
    },
    "version_major": 1,
    "version_minor": 0
}