{
    "class_name": "PinholeCameraParameters",
    "extrinsic": [
        0.9658440235572724,
        -0.22968930973461862,
        0.11995058629424667,
        0.0,
        0.2282261743817878,
        0.9732613354014937,
        0.02598434797247947,
        0.0,
        -0.12271159474863358,
        0.002279036229536605,
        0.9924397566140282,
        0.0,
        1.2489277157609313,
        1.5622770842922018,
        -2.058154668125617,
        1.0
    ],
    "intrinsic": {
        "class_name": "PinholeCameraIntrinsic",
        "height": 715,
        "intrinsic_matrix": [
            1120.2299868285534,
            0.0,
            0.0,
            0.0,
            1125.6281481242802,
            0.0,
            636,
            357,
            1.0
        ],
        "width": 1273
    },
    "version_major": 1,
    "version_minor": 0
}