{
	"class_name" : "PinholeCameraParameters",
	"extrinsic" : 
	[
		-0.47881106562505205,
		0.87250685670533867,
		-0.097322908080121215,
		0.0,
		0.42405520494971849,
		0.13278485707613144,
		-0.89584896321105589,
		0.0,
		-0.76871135453436257,
		-0.47021268244640207,
		-0.43356993285570983,
		0.0,
		1.4326709781770117,
		0.58301326584844604,
		4.3601401578126744,
		1.0
	],
	"intrinsic" : 
	{
		"height" : 1511,
		"intrinsic_matrix" : 
		[
			1308.564385118287,
			0.0,
			0.0,
			0.0,
			1308.564385118287,
			0.0,
			1279.5,
			755.0,
			1.0
		],
		"width" : 2560
	},
	"version_major" : 1,
	"version_minor" : 0
}