{
    "id": 97,
    "img_name": "0119",
    "width": 1273,
    "height": 715,
    "position": [
        -0.9811628235687927,
        -0.7916650592225257,
        -0.8791544594536996
    ],
    "rotation": [
        [
            0.736786669386264,
            -0.5414236596665613,
            0.404976325935188
        ],
        [
            0.2573823029397984,
            0.7784668421460146,
            0.5724890617405869
        ],
        [
            -0.6252197645213255,
            -0.31756856965461705,
            0.7129168602434779
        ]
    ],
    "fy": 1125.6281481242802,
    "fx": 1120.2299868285534
}