{
    "id": 20,
    "img_name": "0021",
    "width": 1273,
    "height": 715,
    "position": [
        3.0737234137118246,
        0.8927859674656651,
        -0.9034683025378434
    ],
    "rotation": [
        [
            0.7112974201789506,
            0.4348582165141328,
            -0.5522266849554782
        ],
        [
            -0.41802809833814886,
            0.8933210782733,
            0.16501502995915174
        ],
        [
            0.5650738792817805,
            0.11347150586282179,
            0.8171999316633984
        ]
    ],
    "fy": 1125.6281481242802,
    "fx": 1120.2299868285534
}