{
    "id": 22,
    "img_name": "0023",
    "width": 1273,
    "height": 715,
    "position": [
        3.37642884079415,
        0.5330467653530346,
        -0.5850688193237594
    ],
    "rotation": [
        [
            0.6147471558443136,
            0.4705320393824836,
            -0.6329972624710853
        ],
        [
            -0.45035797821892565,
            0.868270854345809,
            0.20804666531372343
        ],
        [
            0.6475056956011188,
            0.15717927156008712,
            0.7456748961551218
        ]
    ],
    "fy": 1125.6281481242802,
    "fx": 1120.2299868285534
}