{
    "id": 58,
    "img_name": "0059",
    "width": 1273,
    "height": 715,
    "position": [
        -3.869347338680694,
        -0.346287731063696,
        2.019029031508282
    ],
    "rotation": [
        [
            -0.2984711459277967,
            -0.3882458049423141,
            0.8718831171626402
        ],
        [
            0.5225602392927544,
            0.6979545346029447,
            0.4896838407967798
        ],
        [
            -0.7986524722048051,
            0.6017679474447617,
            -0.005437469013379239
        ]
    ],
    "fy": 1125.6281481242802,
    "fx": 1120.2299868285534
}