{
    "id": 74,
    "img_name": "0075",
    "width": 1273,
    "height": 715,
    "position": [
        -1.4182858644744725,
        1.6204063087612268,
        -1.7663606062372446
    ],
    "rotation": [
        [
            0.8983184330835539,
            -0.1319399667007976,
            0.4190654339948607
        ],
        [
            0.1317530811677239,
            0.990842587007615,
            0.02953122711416134
        ],
        [
            -0.41912422786701276,
            0.028684716471484354,
            0.9074756573351326
        ]
    ],
    "fy": 1125.6281481242802,
    "fx": 1120.2299868285534
}