{
    "id": 32,
    "img_name": "0033",
    "width": 1273,
    "height": 715,
    "position": [
        4.108545211294316,
        -1.2635473328225457,
        0.9453955634894373
    ],
    "rotation": [
        [
            0.020426461371871082,
            0.6760232274233923,
            -0.7365971461116878
        ],
        [
            -0.47299068450651305,
            0.6556222851085005,
            0.5885908864730819
        ],
        [
            0.8808306148436732,
            0.3363807593385337,
            0.33314473236259917
        ]
    ],
    "fy": 1125.6281481242802,
    "fx": 1120.2299868285534
}