{
    "id": 89,
    "img_name": "0090",
    "width": 1273,
    "height": 715,
    "position": [
        1.6862632824190509,
        -1.3468677740857564,
        -0.07653919812062325
    ],
    "rotation": [
        [
            0.5597602208733407,
            0.7631496615900236,
            -0.3229103422667986
        ],
        [
            -0.47529511282793746,
            0.6148920201895242,
            0.62928718342989
        ],
        [
            0.6787952937739823,
            -0.19877222522847152,
            0.7069133975445754
        ]
    ],
    "fy": 1125.6281481242802,
    "fx": 1120.2299868285534
}