{
    "id": 69,
    "img_name": "0070",
    "width": 1273,
    "height": 715,
    "position": [
        -2.7677766054373576,
        1.345939862762988,
        -0.9119045828919387
    ],
    "rotation": [
        [
            0.584215956873532,
            -0.31385741642506243,
            0.7484552343923638
        ],
        [
            0.3417146336572166,
            0.9315971755571989,
            0.12392663813064363
        ],
        [
            -0.7361540768608552,
            0.18335818675159893,
            0.6515036074131195
        ]
    ],
    "fy": 1125.6281481242802,
    "fx": 1120.2299868285534
}