{
    "id": 24,
    "img_name": "0025",
    "width": 1273,
    "height": 715,
    "position": [
        3.641135310149942,
        0.1811198034413339,
        -0.145456414600733
    ],
    "rotation": [
        [
            0.5101632096695952,
            0.5227750276715967,
            -0.6829639594755919
        ],
        [
            -0.4708639771812509,
            0.8342650181632323,
            0.2868605836676695
        ],
        [
            0.7197364896214941,
            0.17523741013854013,
            0.6717672480817043
        ]
    ],
    "fy": 1125.6281481242802,
    "fx": 1120.2299868285534
}