{
    "id": 55,
    "img_name": "0056",
    "width": 1273,
    "height": 715,
    "position": [
        -3.4017003046838123,
        -0.6766069790017021,
        3.04529992064725
    ],
    "rotation": [
        [
            -0.5315484958740717,
            -0.26485608330971167,
            0.8045541943634691
        ],
        [
            0.5046263968588761,
            0.6638665237255849,
            0.5519360816885733
        ],
        [
            -0.6803002249942594,
            0.6993800782195236,
            -0.21922388114074942
        ]
    ],
    "fy": 1125.6281481242802,
    "fx": 1120.2299868285534
}