{
    "id": 75,
    "img_name": "0076",
    "width": 1273,
    "height": 715,
    "position": [
        -1.021933980632013,
        1.6296564080095495,
        -1.9165342110469539
    ],
    "rotation": [
        [
            0.9325185991946486,
            -0.09229928193776514,
            0.34912734741040147
        ],
        [
            0.09244102815662548,
            0.9955848291361423,
            0.01629430290942487
        ],
        [
            -0.3490898429765556,
            0.01707895042826272,
            0.9369336107659243
        ]
    ],
    "fy": 1125.6281481242802,
    "fx": 1120.2299868285534
}