{
    "id": 37,
    "img_name": "0038",
    "width": 1273,
    "height": 715,
    "position": [
        3.324884236196006,
        -1.9086550898785817,
        2.472544096357554
    ],
    "rotation": [
        [
            -0.42232591541521086,
            0.6455584615182258,
            -0.63631367573778
        ],
        [
            -0.3636393328200659,
            0.5223615337837221,
            0.7713007608250458
        ],
        [
            0.8303055201519985,
            0.5571289803854564,
            0.014143635309932071
        ]
    ],
    "fy": 1125.6281481242802,
    "fx": 1120.2299868285534
}