{
    "id": 17,
    "img_name": "0018",
    "width": 1273,
    "height": 715,
    "position": [
        2.4950763280869515,
        1.208176797002128,
        -1.5760330374705165
    ],
    "rotation": [
        [
            0.8743426202039288,
            0.3265365251790013,
            -0.359024901948252
        ],
        [
            -0.32113251294117606,
            0.9439424931840812,
            0.07646226973813008
        ],
        [
            0.3638665849277917,
            0.0484403477015253,
            0.9301906477102109
        ]
    ],
    "fy": 1125.6281481242802,
    "fx": 1120.2299868285534
}