{
    "id": 98,
    "img_name": "0132",
    "width": 1273,
    "height": 715,
    "position": [
        1.0465419789686001,
        -0.936256553000602,
        -0.19262532160514015
    ],
    "rotation": [
        [
            0.8783874592474008,
            -0.47413124828244,
            -0.0602912169310822
        ],
        [
            0.396093134941226,
            0.6515387857646838,
            0.6469987937366751
        ],
        [
            -0.26748027944005043,
            -0.5921965636901451,
            0.7601036311347662
        ]
    ],
    "fy": 1125.6281481242802,
    "fx": 1120.2299868285534
}