{
    "id": 11,
    "img_name": "0012",
    "width": 1273,
    "height": 715,
    "position": [
        0.7674801537904568,
        1.6847531913810212,
        -1.934271005408412
    ],
    "rotation": [
        [
            0.9870740169682499,
            0.16017759436858847,
            0.005293702716919472
        ],
        [
            -0.16004102749689764,
            0.9869022687935542,
            -0.020267742051661614
        ],
        [
            -0.008470805386764665,
            0.01915855193973104,
            0.9997805735978631
        ]
    ],
    "fy": 1125.6281481242802,
    "fx": 1120.2299868285534
}