{
    "id": 76,
    "img_name": "0077",
    "width": 1273,
    "height": 715,
    "position": [
        -0.7169174681644429,
        1.5490374579892277,
        -2.0611021951098416
    ],
    "rotation": [
        [
            0.9621402331755878,
            -0.06332969494635458,
            0.26509530633873357
        ],
        [
            0.059881294432344696,
            0.9979829341389703,
            0.021078276601234156
        ],
        [
            -0.2658954724735496,
            -0.004406007872548648,
            0.9639917970671196
        ]
    ],
    "fy": 1125.6281481242802,
    "fx": 1120.2299868285534
}