{
    "id": 28,
    "img_name": "0029",
    "width": 1273,
    "height": 715,
    "position": [
        3.9556660792021336,
        -0.5954916495227842,
        0.4989739194836381
    ],
    "rotation": [
        [
            0.2720680810478763,
            0.5905988825735023,
            -0.7597183156788155
        ],
        [
            -0.46815326399064855,
            0.7710059830567015,
            0.4317201587900099
        ],
        [
            0.8407208101919614,
            0.23820733404683295,
            0.48625691287268313
        ]
    ],
    "fy": 1125.6281481242802,
    "fx": 1120.2299868285534
}