{
    "id": 14,
    "img_name": "0015",
    "width": 1273,
    "height": 715,
    "position": [
        1.2489277157609313,
        1.5622770842922018,
        -2.058154668125617
    ],
    "rotation": [
        [
            0.9658440235572724,
            0.2282261743817878,
            -0.12271159474863358
        ],
        [
            -0.22968930973461862,
            0.9732613354014937,
            0.002279036229536605
        ],
        [
            0.11995058629424667,
            0.02598434797247947,
            0.9924397566140282
        ]
    ],
    "fy": 1125.6281481242802,
    "fx": 1120.2299868285534
}