{
    "id": 61,
    "img_name": "0062",
    "width": 1273,
    "height": 715,
    "position": [
        -3.9017132446326306,
        0.34903397343416487,
        0.984528201133788
    ],
    "rotation": [
        [
            0.003677638666519625,
            -0.40891529405409394,
            0.9125649331759861
        ],
        [
            0.49889290642977785,
            0.7916406910158139,
            0.3527192711520787
        ],
        [
            -0.8666558387779357,
            0.4539749977880483,
            0.20691630794950433
        ]
    ],
    "fy": 1125.6281481242802,
    "fx": 1120.2299868285534
}