{
    "id": 48,
    "img_name": "0049",
    "width": 1273,
    "height": 715,
    "position": [
        -0.8904519883315648,
        -1.8406275000479448,
        4.5413928686911325
    ],
    "rotation": [
        [
            -0.9675989827874821,
            -0.032577179470203416,
            0.25038158056533644
        ],
        [
            0.19230715071254767,
            0.5475037625391213,
            0.8144062805445003
        ],
        [
            -0.16361591699297282,
            0.8361688569800192,
            -0.5234992591430067
        ]
    ],
    "fy": 1125.6281481242802,
    "fx": 1120.2299868285534
}