{
    "id": 84,
    "img_name": "0085",
    "width": 1273,
    "height": 715,
    "position": [
        0.7358351602994477,
        -0.558029856132371,
        -1.1473959383452017
    ],
    "rotation": [
        [
            0.9570207368848683,
            0.28689766794718663,
            -0.042438629794206206
        ],
        [
            -0.2318909193105364,
            0.8448503128252944,
            0.4821354067690076
        ],
        [
            0.17417781349430847,
            -0.45157244938710345,
            0.8750682329057969
        ]
    ],
    "fy": 1125.6281481242802,
    "fx": 1120.2299868285534
}