{
    "id": 10,
    "img_name": "0011",
    "width": 1273,
    "height": 715,
    "position": [
        0.4984678584972373,
        1.7865524881855517,
        -2.0252462967203435
    ],
    "rotation": [
        [
            0.9878139670910688,
            0.12607364148412126,
            0.09126337350075438
        ],
        [
            -0.1228114069717652,
            0.9916015856013083,
            -0.040541999834575584
        ],
        [
            -0.09560818342286606,
            0.028839770385780204,
            0.9950011773393412
        ]
    ],
    "fy": 1125.6281481242802,
    "fx": 1120.2299868285534
}