{
    "id": 54,
    "img_name": "0055",
    "width": 1273,
    "height": 715,
    "position": [
        -3.0583358200436916,
        -0.7641639322703443,
        3.327118558799909
    ],
    "rotation": [
        [
            -0.6839029137079932,
            -0.22525103439808503,
            0.6939299504447904
        ],
        [
            0.4344828169353969,
            0.6383396624102173,
            0.6354110143693545
        ],
        [
            -0.5860899985578999,
            0.7360600837544463,
            -0.3386946511148321
        ]
    ],
    "fy": 1125.6281481242802,
    "fx": 1120.2299868285534
}