{
    "id": 6,
    "img_name": "0007",
    "width": 1273,
    "height": 715,
    "position": [
        -0.5422728233263088,
        1.6993731864567625,
        -1.8776843087402781
    ],
    "rotation": [
        [
            0.9621132370319238,
            0.03491515924492706,
            0.27040534532966376
        ],
        [
            -0.021587750108071464,
            0.9984082037804268,
            -0.05210592739039553
        ],
        [
            -0.2717942018756559,
            0.04429435944726027,
            0.9613354885511779
        ]
    ],
    "fy": 1125.6281481242802,
    "fx": 1120.2299868285534
}