{
    "id": 12,
    "img_name": "0013",
    "width": 1273,
    "height": 715,
    "position": [
        1.1370186226923673,
        1.618221768171928,
        -1.8684218303841553
    ],
    "rotation": [
        [
            0.9755131662093832,
            0.1965032026050055,
            -0.09879551567819402
        ],
        [
            -0.19607087545558102,
            0.9804874462003713,
            0.014162614220407493
        ],
        [
            0.09965076191493047,
            0.005555106610157334,
            0.9950069680360654
        ]
    ],
    "fy": 1125.6281481242802,
    "fx": 1120.2299868285534
}