{
    "id": 72,
    "img_name": "0073",
    "width": 1273,
    "height": 715,
    "position": [
        -1.940675304570861,
        1.5034484596534725,
        -1.530635406165007
    ],
    "rotation": [
        [
            0.8373188993698635,
            -0.16879884442421025,
            0.5200038566002098
        ],
        [
            0.17205168920587363,
            0.9841735981088066,
            0.04243282958949268
        ],
        [
            -0.5189366791810401,
            0.053937731752611975,
            0.8531092802765291
        ]
    ],
    "fy": 1125.6281481242802,
    "fx": 1120.2299868285534
}