{
    "id": 67,
    "img_name": "0068",
    "width": 1273,
    "height": 715,
    "position": [
        -3.3021983313931433,
        1.178734167936727,
        -0.5943454926369499
    ],
    "rotation": [
        [
            0.5491209983400736,
            -0.32343425523228614,
            0.7706207963222491
        ],
        [
            0.3647333792148242,
            0.922378502299711,
            0.1272299515911143
        ],
        [
            -0.7519545805888388,
            0.2112064890993608,
            0.6244646728949407
        ]
    ],
    "fy": 1125.6281481242802,
    "fx": 1120.2299868285534
}