{
    "id": 63,
    "img_name": "0064",
    "width": 1273,
    "height": 715,
    "position": [
        -3.737103774218204,
        0.5915851192498638,
        0.4718656495339578
    ],
    "rotation": [
        [
            0.2477202763339045,
            -0.3927794250045673,
            0.885640439448276
        ],
        [
            0.46526438575095747,
            0.8500529007266734,
            0.24685849654802758
        ],
        [
            -0.849802162885479,
            0.35090510007586057,
            0.39332161737681287
        ]
    ],
    "fy": 1125.6281481242802,
    "fx": 1120.2299868285534
}