{
    "id": 56,
    "img_name": "0057",
    "width": 1273,
    "height": 715,
    "position": [
        -3.5076549250304314,
        -0.7492032805814787,
        2.8186486806167346
    ],
    "rotation": [
        [
            -0.4299423525520943,
            -0.3607886357484652,
            0.8276358702936528
        ],
        [
            0.49987053330782427,
            0.6682445808523634,
            0.5509797002540118
        ],
        [
            -0.7518503996225059,
            0.6506002924040312,
            -0.10695903940886561
        ]
    ],
    "fy": 1125.6281481242802,
    "fx": 1120.2299868285534
}