{
    "id": 71,
    "img_name": "0072",
    "width": 1273,
    "height": 715,
    "position": [
        -2.0113760878620925,
        1.4833059444361083,
        -1.4719853066434758
    ],
    "rotation": [
        [
            0.7823319024002543,
            -0.23278326037431732,
            0.5777272264454062
        ],
        [
            0.24069259682169228,
            0.9684698610070699,
            0.06428998488238216
        ],
        [
            -0.5744770389859192,
            0.08875856020942108,
            0.8136940762150855
        ]
    ],
    "fy": 1125.6281481242802,
    "fx": 1120.2299868285534
}