{
    "id": 52,
    "img_name": "0053",
    "width": 1273,
    "height": 715,
    "position": [
        -2.2094632227974027,
        -1.1423864643192951,
        3.930070654779808
    ],
    "rotation": [
        [
            -0.8172184443215821,
            -0.17481866170180205,
            0.5491743345982261
        ],
        [
            0.36212949137979883,
            0.585528874450165,
            0.7252711001123174
        ],
        [
            -0.4483483531068466,
            0.7915771426120854,
            -0.4151980028377602
        ]
    ],
    "fy": 1125.6281481242802,
    "fx": 1120.2299868285534
}