{
    "id": 18,
    "img_name": "0019",
    "width": 1273,
    "height": 715,
    "position": [
        2.6933657763611585,
        1.2124103349743676,
        -1.3408110723861906
    ],
    "rotation": [
        [
            0.8347973111743705,
            0.35315531768760505,
            -0.42236805140186456
        ],
        [
            -0.3372384698252405,
            0.9344007566795893,
            0.11474075294567876
        ],
        [
            0.4351823338854321,
            0.04665348331665799,
            0.8991327981830329
        ]
    ],
    "fy": 1125.6281481242802,
    "fx": 1120.2299868285534
}