{
    "id": 1,
    "img_name": "0002",
    "width": 1273,
    "height": 715,
    "position": [
        -1.6814709660061513,
        1.6814442128101528,
        -1.5323086798283285
    ],
    "rotation": [
        [
            0.8455960470860444,
            -0.09352330793328305,
            0.5255670423701172
        ],
        [
            0.11370825384660006,
            0.9934951008065064,
            -0.006157733400123377
        ],
        [
            -0.5215723901431263,
            0.06496826568938215,
            0.8507299020803843
        ]
    ],
    "fy": 1125.6281481242802,
    "fx": 1120.2299868285534
}