{
    "id": 30,
    "img_name": "0031",
    "width": 1273,
    "height": 715,
    "position": [
        3.837812627460258,
        -0.6630202883755316,
        0.2847902766689111
    ],
    "rotation": [
        [
            0.24353521349426407,
            0.6112660264219879,
            -0.753023535309871
        ],
        [
            -0.4959856149309635,
            0.7456913446433228,
            0.4449075053374433
        ],
        [
            0.8334799755062247,
            0.26513819692059987,
            0.4847812568198529
        ]
    ],
    "fy": 1125.6281481242802,
    "fx": 1120.2299868285534
}