{
    "id": 70,
    "img_name": "0071",
    "width": 1273,
    "height": 715,
    "position": [
        -2.3058577967107805,
        1.4873358940449035,
        -1.2296327968893082
    ],
    "rotation": [
        [
            0.6887977025631973,
            -0.2844703390554199,
            0.666809081477866
        ],
        [
            0.2925490224399415,
            0.9506476631458897,
            0.10336387195095613
        ],
        [
            -0.66330445077136,
            0.12387754741257001,
            0.7380254459257829
        ]
    ],
    "fy": 1125.6281481242802,
    "fx": 1120.2299868285534
}