{
    "id": 34,
    "img_name": "0035",
    "width": 1273,
    "height": 715,
    "position": [
        3.910302034048791,
        -1.781721053359683,
        1.71338643652608
    ],
    "rotation": [
        [
            -0.20893315404995075,
            0.6831629454810091,
            -0.6997394708464365
        ],
        [
            -0.44104516142840783,
            0.5728030077533015,
            0.6909239320571845
        ],
        [
            0.8728265020720491,
            0.45297362421059684,
            0.18162817251238264
        ]
    ],
    "fy": 1125.6281481242802,
    "fx": 1120.2299868285534
}