{
    "id": 81,
    "img_name": "0082",
    "width": 1273,
    "height": 715,
    "position": [
        0.5951351327252888,
        0.4747077211798055,
        -1.975264736819076
    ],
    "rotation": [
        [
            0.9891910251021446,
            0.14466936501436772,
            -0.023914236005105474
        ],
        [
            -0.1348406055685784,
            0.9615405397022198,
            0.23928602466308624
        ],
        [
            0.05761186463973639,
            -0.233474977964457,
            0.9706545769310673
        ]
    ],
    "fy": 1125.6281481242802,
    "fx": 1120.2299868285534
}