{
    "id": 2,
    "img_name": "0003",
    "width": 1273,
    "height": 715,
    "position": [
        -1.440580813237444,
        1.7501039523034176,
        -1.6386125166631984
    ],
    "rotation": [
        [
            0.8777922189120894,
            -0.05923573842975694,
            0.4753650678268986
        ],
        [
            0.07787865269437318,
            0.9967701740967627,
            -0.019599374623150378
        ],
        [
            -0.4726687379887733,
            0.05422496956007265,
            0.8795703023660526
        ]
    ],
    "fy": 1125.6281481242802,
    "fx": 1120.2299868285534
}