{
    "id": 80,
    "img_name": "0081",
    "width": 1273,
    "height": 715,
    "position": [
        0.5239969159837042,
        0.8829314232053574,
        -1.9606542579979878
    ],
    "rotation": [
        [
            0.9968643105777751,
            0.07712802926026534,
            0.01768653156287657
        ],
        [
            -0.07894882920257834,
            0.984534284414112,
            0.15639477350837075
        ],
        [
            -0.0053505760287181,
            -0.1573006990309328,
            0.9875362582814573
        ]
    ],
    "fy": 1125.6281481242802,
    "fx": 1120.2299868285534
}