{
    "id": 13,
    "img_name": "0014",
    "width": 1273,
    "height": 715,
    "position": [
        1.2427950704564041,
        1.4014890667099515,
        -1.934918557169956
    ],
    "rotation": [
        [
            0.9646165594982762,
            0.22354037877711752,
            -0.13980197494274277
        ],
        [
            -0.22593678745043602,
            0.9741410903937155,
            -0.0013054053466855207
        ],
        [
            0.13589503750426252,
            0.03284562471206009,
            0.990178622127841
        ]
    ],
    "fy": 1125.6281481242802,
    "fx": 1120.2299868285534
}