{
    "id": 41,
    "img_name": "0042",
    "width": 1273,
    "height": 715,
    "position": [
        2.0316698850017425,
        -2.4516409635511582,
        3.8423695829473736
    ],
    "rotation": [
        [
            -0.8133171864014919,
            0.427974344413898,
            -0.39414859485662895
        ],
        [
            -0.19687789795316055,
            0.4350369338703374,
            0.878625039175552
        ],
        [
            0.547498171322522,
            0.7921999916007257,
            -0.2695643257300645
        ]
    ],
    "fy": 1125.6281481242802,
    "fx": 1120.2299868285534
}