{
    "id": 68,
    "img_name": "0069",
    "width": 1273,
    "height": 715,
    "position": [
        -3.120916738449071,
        1.2499755686480798,
        -0.8276109877846913
    ],
    "rotation": [
        [
            0.5767887015948651,
            -0.3015906759706424,
            0.7591823614126456
        ],
        [
            0.33903404219957056,
            0.9339118443383629,
            0.11342215495368191
        ],
        [
            -0.7432164637185654,
            0.19196804726851874,
            0.6409193060640179
        ]
    ],
    "fy": 1125.6281481242802,
    "fx": 1120.2299868285534
}