{
    "id": 40,
    "img_name": "0041",
    "width": 1273,
    "height": 715,
    "position": [
        2.338217030056868,
        -2.5751813446597764,
        3.727102824548129
    ],
    "rotation": [
        [
            -0.7672372323332307,
            0.4754293249615727,
            -0.4304811102571482
        ],
        [
            -0.19703832583791545,
            0.46401106121762564,
            0.86363744315464
        ],
        [
            0.6103465634151103,
            0.7474360788952297,
            -0.2623287641359377
        ]
    ],
    "fy": 1125.6281481242802,
    "fx": 1120.2299868285534
}