{
    "id": 33,
    "img_name": "0034",
    "width": 1273,
    "height": 715,
    "position": [
        4.053167601833747,
        -1.4369135913651085,
        1.2795674562893036
    ],
    "rotation": [
        [
            -0.0840165410806454,
            0.6754055496616731,
            -0.7326449101106601
        ],
        [
            -0.45788946730030916,
            0.6268546537323871,
            0.6303891487244113
        ],
        [
            0.8850302009311791,
            0.3884335034214507,
            0.2565949275793552
        ]
    ],
    "fy": 1125.6281481242802,
    "fx": 1120.2299868285534
}