{
    "id": 39,
    "img_name": "0040",
    "width": 1273,
    "height": 715,
    "position": [
        2.8382953629673087,
        -2.1761708767325927,
        3.3059495353645705
    ],
    "rotation": [
        [
            -0.5888115373142316,
            0.5695697934099914,
            -0.5734903869818142
        ],
        [
            -0.30664602820201936,
            0.49906726688743464,
            0.8104937239173615
        ],
        [
            0.7478430229089374,
            0.6530866049433306,
            -0.11920024970618377
        ]
    ],
    "fy": 1125.6281481242802,
    "fx": 1120.2299868285534
}