{
    "id": 46,
    "img_name": "0047",
    "width": 1273,
    "height": 715,
    "position": [
        -0.28363101249327677,
        -2.1662580405451966,
        4.547090900599155
    ],
    "rotation": [
        [
            -0.9958710006420812,
            0.05210498207545889,
            0.07433721089101633
        ],
        [
            0.09064974102591764,
            0.5269861564942439,
            0.8450255708056167
        ],
        [
            0.004855361168172364,
            0.8482751096821953,
            -0.5295335341237472
        ]
    ],
    "fy": 1125.6281481242802,
    "fx": 1120.2299868285534
}