{
    "id": 50,
    "img_name": "0051",
    "width": 1273,
    "height": 715,
    "position": [
        -1.6524427069343675,
        -1.5592215290516551,
        4.116622383741056
    ],
    "rotation": [
        [
            -0.8821978727332517,
            -0.11822509980747928,
            0.4557957208228663
        ],
        [
            0.3237864575867035,
            0.5505062664918078,
            0.7694837103127683
        ],
        [
            -0.34189068900509495,
            0.8264173741692279,
            -0.44737577096089914
        ]
    ],
    "fy": 1125.6281481242802,
    "fx": 1120.2299868285534
}