{
    "id": 57,
    "img_name": "0058",
    "width": 1273,
    "height": 715,
    "position": [
        -3.319753601171915,
        -0.6433892621244862,
        2.536645077674527
    ],
    "rotation": [
        [
            -0.4362912266023566,
            -0.365354869314364,
            0.8222930043835316
        ],
        [
            0.4974688272289735,
            0.6635513486330511,
            0.5587704123006949
        ],
        [
            -0.7497831229930696,
            0.6528517651010396,
            -0.1077489734485502
        ]
    ],
    "fy": 1125.6281481242802,
    "fx": 1120.2299868285534
}