{
    "id": 87,
    "img_name": "0088",
    "width": 1273,
    "height": 715,
    "position": [
        1.4096246477389707,
        -1.1120829743617202,
        -0.4608457470364881
    ],
    "rotation": [
        [
            0.7190413431327125,
            0.6543980475206156,
            -0.23397166979596287
        ],
        [
            -0.4081002534315494,
            0.6700945598696841,
            0.6200221479771181
        ],
        [
            0.562524426149665,
            -0.3503376603139612,
            0.7488857013928959
        ]
    ],
    "fy": 1125.6281481242802,
    "fx": 1120.2299868285534
}