{
    "id": 85,
    "img_name": "0086",
    "width": 1273,
    "height": 715,
    "position": [
        1.1065920835859633,
        -0.7783367539118257,
        -0.9633044542407015
    ],
    "rotation": [
        [
            0.9016261001986198,
            0.4152441717767502,
            -0.12100683140248483
        ],
        [
            -0.2834047908530656,
            0.7785402730702636,
            0.5599613984277931
        ],
        [
            0.3267293986805576,
            -0.4705818961808032,
            0.8196344179112545
        ]
    ],
    "fy": 1125.6281481242802,
    "fx": 1120.2299868285534
}