{
    "id": 53,
    "img_name": "0054",
    "width": 1273,
    "height": 715,
    "position": [
        -2.651809160169879,
        -0.9326411614822366,
        3.654832491855969
    ],
    "rotation": [
        [
            -0.7733341566409327,
            -0.20640935767442836,
            0.5994576375665648
        ],
        [
            0.3755057821568126,
            0.612713565905297,
            0.6953973639024065
        ],
        [
            -0.5108323499341614,
            0.7628743430081034,
            -0.39632442145380964
        ]
    ],
    "fy": 1125.6281481242802,
    "fx": 1120.2299868285534
}