{
    "id": 0,
    "img_name": "0001",
    "width": 1273,
    "height": 715,
    "position": [
        -1.8492544830587896,
        1.650676962476524,
        -1.488834975216325
    ],
    "rotation": [
        [
            0.8391287357643368,
            -0.09746273271942058,
            0.5351298725967454
        ],
        [
            0.11474661982530987,
            0.9933942952726753,
            0.000993659081924073
        ],
        [
            -0.531691807397116,
            0.06057053615882954,
            0.844769218246155
        ]
    ],
    "fy": 1125.6281481242802,
    "fx": 1120.2299868285534
}