{
    "id": 19,
    "img_name": "0020",
    "width": 1273,
    "height": 715,
    "position": [
        2.97110589068676,
        0.9740215967617245,
        -1.1097296073581184
    ],
    "rotation": [
        [
            0.7614089490680419,
            0.401732071795765,
            -0.508790482192604
        ],
        [
            -0.3857189660744268,
            0.9115439786835858,
            0.14250773360128044
        ],
        [
            0.5210348275207476,
            0.08774347506442087,
            0.8490134222107708
        ]
    ],
    "fy": 1125.6281481242802,
    "fx": 1120.2299868285534
}