{
    "id": 27,
    "img_name": "0028",
    "width": 1273,
    "height": 715,
    "position": [
        3.95220978322974,
        -0.5075487081844566,
        0.46455452158834326
    ],
    "rotation": [
        [
            0.26665695921488775,
            0.589208294850087,
            -0.7627107258863761
        ],
        [
            -0.48007670302659144,
            0.7674041445521105,
            0.4249908682964397
        ],
        [
            0.8357155169753567,
            0.2528328780125263,
            0.4874988312627174
        ]
    ],
    "fy": 1125.6281481242802,
    "fx": 1120.2299868285534
}