{
    "id": 86,
    "img_name": "0087",
    "width": 1273,
    "height": 715,
    "position": [
        1.0728525893011496,
        -0.9044649575679005,
        -0.6975648367340512
    ],
    "rotation": [
        [
            0.8621813845219745,
            0.4859670875177057,
            -0.14310573026028597
        ],
        [
            -0.3277321834639792,
            0.750458688127601,
            0.5739367328684695
        ],
        [
            0.38630930108619416,
            -0.447937213528145,
            0.806298565440208
        ]
    ],
    "fy": 1125.6281481242802,
    "fx": 1120.2299868285534
}