{
    "id": 79,
    "img_name": "0080",
    "width": 1273,
    "height": 715,
    "position": [
        0.18907288608362832,
        1.2355317624418614,
        -1.9410015456821192
    ],
    "rotation": [
        [
            0.9951044170035733,
            0.04836138703399018,
            0.08618802413402402
        ],
        [
            -0.054077088316940365,
            0.9964016593671123,
            0.06526409219185446
        ],
        [
            -0.08272162824280196,
            -0.06960538380480101,
            0.9941389353436704
        ]
    ],
    "fy": 1125.6281481242802,
    "fx": 1120.2299868285534
}