{
    "id": 77,
    "img_name": "0078",
    "width": 1273,
    "height": 715,
    "position": [
        -0.5731280189554604,
        1.5428830639391364,
        -2.0805836662280646
    ],
    "rotation": [
        [
            0.9730263379252629,
            -0.01856129810056388,
            0.22994613264104674
        ],
        [
            0.019301007656696175,
            0.9998132497316667,
            -0.0009678659203500139
        ],
        [
            -0.22988522529120486,
            0.005379951098813356,
            0.9732028767523173
        ]
    ],
    "fy": 1125.6281481242802,
    "fx": 1120.2299868285534
}