{
    "id": 91,
    "img_name": "0113",
    "width": 1273,
    "height": 715,
    "position": [
        -2.5800487947980413,
        -1.0509589950973595,
        0.5357689815881561
    ],
    "rotation": [
        [
            -0.06249050951300656,
            -0.7318821773141878,
            0.6785598092656597
        ],
        [
            0.507650804654722,
            0.5620592604208887,
            0.6529778314066542
        ],
        [
            -0.8592936615349948,
            0.3852763505653669,
            0.33641720666579245
        ]
    ],
    "fy": 1125.6281481242802,
    "fx": 1120.2299868285534
}