{
    "id": 44,
    "img_name": "0045",
    "width": 1273,
    "height": 715,
    "position": [
        0.9643148877266015,
        -2.349668904323197,
        4.534055557663454
    ],
    "rotation": [
        [
            -0.9686732465016232,
            0.19618025831518346,
            -0.15226768455385747
        ],
        [
            -0.04123836308850188,
            0.4775616792220359,
            0.8776298991878125
        ],
        [
            0.24489087145458496,
            0.8564158737354284,
            -0.45451106949357856
        ]
    ],
    "fy": 1125.6281481242802,
    "fx": 1120.2299868285534
}