{
    "id": 15,
    "img_name": "0016",
    "width": 1273,
    "height": 715,
    "position": [
        1.802203321786069,
        1.528127837162409,
        -2.119368127891132
    ],
    "rotation": [
        [
            0.9489007425699909,
            0.2453540258160005,
            -0.19846607459714902
        ],
        [
            -0.24694588196758024,
            0.9688786170898501,
            0.017086741213978896
        ],
        [
            0.1964818366398627,
            0.0327967584059907,
            0.9799588055161734
        ]
    ],
    "fy": 1125.6281481242802,
    "fx": 1120.2299868285534
}