{
    "id": 99,
    "img_name": "0133",
    "width": 1273,
    "height": 715,
    "position": [
        1.0186047278311334,
        -0.8808852009565493,
        -0.191007124658012
    ],
    "rotation": [
        [
            0.8758521159250199,
            -0.47834218090224845,
            -0.06381088464632044
        ],
        [
            0.3985002279306665,
            0.6423247991371881,
            0.65468803315211
        ],
        [
            -0.2721775879253697,
            -0.5988385511830812,
            0.7532010025538176
        ]
    ],
    "fy": 1125.6281481242802,
    "fx": 1120.2299868285534
}