{
    "id": 83,
    "img_name": "0084",
    "width": 1273,
    "height": 715,
    "position": [
        0.3907123176204204,
        -0.1547261392283235,
        -1.3690866427367516
    ],
    "rotation": [
        [
            0.9811539524622197,
            0.18921741130321953,
            0.03916239047188929
        ],
        [
            -0.18900367803492166,
            0.8976424695508182,
            0.3981401845430578
        ],
        [
            0.040181230158323374,
            -0.3980386515382854,
            0.9164882435822879
        ]
    ],
    "fy": 1125.6281481242802,
    "fx": 1120.2299868285534
}