{
    "id": 64,
    "img_name": "0065",
    "width": 1273,
    "height": 715,
    "position": [
        -3.680655719150328,
        0.7115658754656858,
        0.18903003243386526
    ],
    "rotation": [
        [
            0.28056238393715277,
            -0.38331294853331693,
            0.8799749611245743
        ],
        [
            0.45950501772605584,
            0.8585508029332587,
            0.22747671851693793
        ],
        [
            -0.8426979811320772,
            0.3405314996727202,
            0.41701128321254016
        ]
    ],
    "fy": 1125.6281481242802,
    "fx": 1120.2299868285534
}