{
    "id": 95,
    "img_name": "0117",
    "width": 1273,
    "height": 715,
    "position": [
        -1.8084825757433238,
        -0.26057065761392834,
        -1.0839060172975872
    ],
    "rotation": [
        [
            0.5767425615517838,
            -0.6065398475875403,
            0.5472453115223288
        ],
        [
            0.3801491612222294,
            0.7921995962283499,
            0.477395449242737
        ],
        [
            -0.7230868778485212,
            -0.06729942811140956,
            0.6874708386972898
        ]
    ],
    "fy": 1125.6281481242802,
    "fx": 1120.2299868285534
}