{
    "id": 62,
    "img_name": "0063",
    "width": 1273,
    "height": 715,
    "position": [
        -3.7947582180566513,
        0.5119385829935211,
        0.6300899430967009
    ],
    "rotation": [
        [
            0.1544163348136455,
            -0.4048860108745006,
            0.9012341059574108
        ],
        [
            0.4827224723526293,
            0.8268061640233652,
            0.28873964365624133
        ],
        [
            -0.8620525565349741,
            0.39045983830747805,
            0.3231199536401504
        ]
    ],
    "fy": 1125.6281481242802,
    "fx": 1120.2299868285534
}