{
    "id": 96,
    "img_name": "0118",
    "width": 1273,
    "height": 715,
    "position": [
        -1.373020153268319,
        -0.4978044687323939,
        -1.017381472202804
    ],
    "rotation": [
        [
            0.6534423916879181,
            -0.5869730292539942,
            0.47799132175549286
        ],
        [
            0.3278716398909122,
            0.7886079204011809,
            0.5201900956725037
        ],
        [
            -0.6822852984642256,
            -0.18319446173100967,
            0.7077616552842265
        ]
    ],
    "fy": 1125.6281481242802,
    "fx": 1120.2299868285534
}