{
    "id": 65,
    "img_name": "0066",
    "width": 1273,
    "height": 715,
    "position": [
        -3.5158565040086245,
        0.8793144402223743,
        -0.08592745157605662
    ],
    "rotation": [
        [
            0.40247199773937953,
            -0.37425132424952345,
            0.8354353579620335
        ],
        [
            0.42271807992411753,
            0.8854676336279402,
            0.19301941535141795
        ],
        [
            -0.81198874126489,
            0.2754687207194564,
            0.5145787286356148
        ]
    ],
    "fy": 1125.6281481242802,
    "fx": 1120.2299868285534
}