{
    "id": 4,
    "img_name": "0005",
    "width": 1273,
    "height": 715,
    "position": [
        -1.2703180699650531,
        1.7089919899776458,
        -1.6881602645677136
    ],
    "rotation": [
        [
            0.9046450937392247,
            -0.00956212149471269,
            0.42605847040760697
        ],
        [
            0.03263522744291137,
            0.9983669212982759,
            -0.046887443811234275
        ],
        [
            -0.4249143399595956,
            0.056321011087537835,
            0.9034797991138365
        ]
    ],
    "fy": 1125.6281481242802,
    "fx": 1120.2299868285534
}