{
    "id": 38,
    "img_name": "0039",
    "width": 1273,
    "height": 715,
    "position": [
        3.032449482933773,
        -1.8751783040346697,
        2.5946136850758186
    ],
    "rotation": [
        [
            -0.45713179213229455,
            0.6335703722032358,
            -0.6241947677513563
        ],
        [
            -0.3649490341954966,
            0.5063905424222332,
            0.7812687252060525
        ],
        [
            0.8110750440382755,
            0.5849420501310958,
            -0.0002663207458678336
        ]
    ],
    "fy": 1125.6281481242802,
    "fx": 1120.2299868285534
}