{
    "id": 9,
    "img_name": "0010",
    "width": 1273,
    "height": 715,
    "position": [
        0.04116598253199758,
        1.8226745966486413,
        -1.9175560839403294
    ],
    "rotation": [
        [
            0.9815276820508001,
            0.10822315893064267,
            0.15776931653225962
        ],
        [
            -0.10168443624456118,
            0.9936108057079004,
            -0.04896776701180588
        ],
        [
            -0.16206074414740057,
            0.0320205348420289,
            0.9862611218915716
        ]
    ],
    "fy": 1125.6281481242802,
    "fx": 1120.2299868285534
}