{
    "id": 49,
    "img_name": "0050",
    "width": 1273,
    "height": 715,
    "position": [
        -1.1857890901145822,
        -1.7087171764509022,
        4.400499423578748
    ],
    "rotation": [
        [
            -0.9451030327489296,
            -0.06313504176957574,
            0.32061538327025063
        ],
        [
            0.23470356844005932,
            0.5515243680952164,
            0.8004593096208418
        ],
        [
            -0.22736422860748823,
            0.8317660956650772,
            -0.5064293333247945
        ]
    ],
    "fy": 1125.6281481242802,
    "fx": 1120.2299868285534
}