{
    "id": 42,
    "img_name": "0043",
    "width": 1273,
    "height": 715,
    "position": [
        1.6475036477542864,
        -2.4673784382314077,
        4.266143263697745
    ],
    "rotation": [
        [
            -0.8810544835037961,
            0.34304212133619383,
            -0.3256763732404033
        ],
        [
            -0.1505049965383938,
            0.44942301513366995,
            0.8805493736782389
        ],
        [
            0.44843198270734047,
            0.8248278950528559,
            -0.34433660918908704
        ]
    ],
    "fy": 1125.6281481242802,
    "fx": 1120.2299868285534
}