{
    "id": 47,
    "img_name": "0048",
    "width": 1273,
    "height": 715,
    "position": [
        -0.506442929350728,
        -2.0199632304148034,
        4.506444030641915
    ],
    "rotation": [
        [
            -0.9872629857567358,
            -0.0023672553549260403,
            0.1590792037218529
        ],
        [
            0.1344224486252238,
            0.5224381223656432,
            0.8420148535534631
        ],
        [
            -0.08510230467086817,
            0.8526739144603553,
            -0.5154656082985174
        ]
    ],
    "fy": 1125.6281481242802,
    "fx": 1120.2299868285534
}