{
    "id": 16,
    "img_name": "0017",
    "width": 1273,
    "height": 715,
    "position": [
        2.353146469548259,
        1.345109351690791,
        -1.8008840245474014
    ],
    "rotation": [
        [
            0.8971091723766682,
            0.2978309719798291,
            -0.3263308826439811
        ],
        [
            -0.29739125762575275,
            0.9533110436092074,
            0.05250232395329812
        ],
        [
            0.326731652469458,
            0.049947635202020474,
            0.9437964086667754
        ]
    ],
    "fy": 1125.6281481242802,
    "fx": 1120.2299868285534
}