{
    "id": 5,
    "img_name": "0006",
    "width": 1273,
    "height": 715,
    "position": [
        -0.8976757663084278,
        1.7241746468303156,
        -1.8220949068422339
    ],
    "rotation": [
        [
            0.9410116935675529,
            0.01359022950127635,
            0.33810101779087925
        ],
        [
            0.0032138265581042732,
            0.9987890951850092,
            -0.04909190012990923
        ],
        [
            -0.33835877982990215,
            0.04728265011199347,
            0.9398285413363473
        ]
    ],
    "fy": 1125.6281481242802,
    "fx": 1120.2299868285534
}