{
    "id": 45,
    "img_name": "0046",
    "width": 1273,
    "height": 715,
    "position": [
        0.37779875908404653,
        -2.1057750213666906,
        4.777355366755897
    ],
    "rotation": [
        [
            -0.991928844997852,
            0.117505722908122,
            -0.04764002041421674
        ],
        [
            0.01991136173588505,
            0.5154156358505275,
            0.8567089704179706
        ],
        [
            0.1252226183045622,
            0.848845761846424,
            -0.5135953353179075
        ]
    ],
    "fy": 1125.6281481242802,
    "fx": 1120.2299868285534
}