{
    "id": 36,
    "img_name": "0037",
    "width": 1273,
    "height": 715,
    "position": [
        3.6125859407249235,
        -1.857327287888434,
        2.381468388768546
    ],
    "rotation": [
        [
            -0.3615543758076772,
            0.6352250264429765,
            -0.6824716837458094
        ],
        [
            -0.4068884564169046,
            0.551103813045564,
            0.7285096919611354
        ],
        [
            0.8388803355479187,
            0.54108571689443,
            0.05921173535585051
        ]
    ],
    "fy": 1125.6281481242802,
    "fx": 1120.2299868285534
}