{
    "id": 82,
    "img_name": "0083",
    "width": 1273,
    "height": 715,
    "position": [
        0.4312647974779236,
        0.1256597251820335,
        -1.6842283779763119
    ],
    "rotation": [
        [
            0.9826835003089182,
            0.18515463035464524,
            0.0071344992008689915
        ],
        [
            -0.1783558482591556,
            0.9347600716310165,
            0.30726665923287877
        ],
        [
            0.050222799726514694,
            -0.3032183558800681,
            0.9515967102953955
        ]
    ],
    "fy": 1125.6281481242802,
    "fx": 1120.2299868285534
}