{
    "id": 21,
    "img_name": "0022",
    "width": 1273,
    "height": 715,
    "position": [
        3.1811726489294454,
        0.7716147982650934,
        -0.7777054725957409
    ],
    "rotation": [
        [
            0.6899048594339502,
            0.43944151621767125,
            -0.5752585842503659
        ],
        [
            -0.4302476847323668,
            0.8879925485415333,
            0.16234581459695954
        ],
        [
            0.5821668272169578,
            0.13550050759693363,
            0.8016990693078758
        ]
    ],
    "fy": 1125.6281481242802,
    "fx": 1120.2299868285534
}