{
    "id": 3,
    "img_name": "0004",
    "width": 1273,
    "height": 715,
    "position": [
        -1.343141938532144,
        1.7861498107686553,
        -1.5127259983347132
    ],
    "rotation": [
        [
            0.8979172491314501,
            -0.03537040164130603,
            0.43874086702738563
        ],
        [
            0.046444586888575105,
            0.9988151879493318,
            -0.014529992102225614
        ],
        [
            -0.4377071099045103,
            0.03342386885855431,
            0.8984961496464897
        ]
    ],
    "fy": 1125.6281481242802,
    "fx": 1120.2299868285534
}