{
    "id": 29,
    "img_name": "0030",
    "width": 1273,
    "height": 715,
    "position": [
        3.899364577799757,
        -0.7047202171521594,
        0.5252438305750078
    ],
    "rotation": [
        [
            0.2465660078156696,
            0.6048459402693775,
            -0.7572097413065256
        ],
        [
            -0.47509768162852606,
            0.7564425103776139,
            0.44952966687952084
        ],
        [
            0.8446818316390159,
            0.2489098572440752,
            0.4738739138902787
        ]
    ],
    "fy": 1125.6281481242802,
    "fx": 1120.2299868285534
}