{
    "id": 43,
    "img_name": "0044",
    "width": 1273,
    "height": 715,
    "position": [
        1.1973636116640414,
        -2.443557350273512,
        4.488607800538364
    ],
    "rotation": [
        [
            -0.9397828498460182,
            0.2677868152285341,
            -0.2123638781079654
        ],
        [
            -0.06855905621952978,
            0.46102147020013307,
            0.8847366047727397
        ],
        [
            0.3348251050109343,
            0.8460197548546172,
            -0.4149008597847803
        ]
    ],
    "fy": 1125.6281481242802,
    "fx": 1120.2299868285534
}