{
    "id": 26,
    "img_name": "0027",
    "width": 1273,
    "height": 715,
    "position": [
        4.1945385090321174,
        -0.39540989342020866,
        0.3380542860561408
    ],
    "rotation": [
        [
            0.32334466973484716,
            0.5559180298534384,
            -0.7657697882770866
        ],
        [
            -0.4738769380652957,
            0.7955860299839562,
            0.37746988815563454
        ],
        [
            0.8190780622895005,
            0.24082776621112228,
            0.5206852359130596
        ]
    ],
    "fy": 1125.6281481242802,
    "fx": 1120.2299868285534
}