{
    "id": 35,
    "img_name": "0036",
    "width": 1273,
    "height": 715,
    "position": [
        3.8884773191048723,
        -1.7658201777583873,
        2.1675798392210486
    ],
    "rotation": [
        [
            -0.31339188411838065,
            0.6631409024288838,
            -0.6797276443506889
        ],
        [
            -0.4187702837129903,
            0.545919669443976,
            0.7256742823010345
        ],
        [
            0.8523009893504012,
            0.5120701690588755,
            0.10661691006750082
        ]
    ],
    "fy": 1125.6281481242802,
    "fx": 1120.2299868285534
}