{
    "id": 25,
    "img_name": "0026",
    "width": 1273,
    "height": 715,
    "position": [
        3.853981379757444,
        -0.1299181138799591,
        0.1527623440292055
    ],
    "rotation": [
        [
            0.43687290796900435,
            0.533859341857518,
            -0.7239725584538158
        ],
        [
            -0.4641176028539549,
            0.8232147882698378,
            0.32697440740055617
        ],
        [
            0.7705432583598435,
            0.19316214816910682,
            0.6074137564386334
        ]
    ],
    "fy": 1125.6281481242802,
    "fx": 1120.2299868285534
}