{
    "id": 66,
    "img_name": "0067",
    "width": 1273,
    "height": 715,
    "position": [
        -3.3764232927881577,
        1.0522829169537526,
        -0.36744236874601627
    ],
    "rotation": [
        [
            0.49084504522023514,
            -0.3480856524599532,
            0.7986911293699672
        ],
        [
            0.3876757122393794,
            0.9082280424157442,
            0.15757336421284865
        ],
        [
            -0.7802427082148445,
            0.23228904735521613,
            0.5807435877875632
        ]
    ],
    "fy": 1125.6281481242802,
    "fx": 1120.2299868285534
}