{
    "id": 94,
    "img_name": "0116",
    "width": 1273,
    "height": 715,
    "position": [
        -1.9879376869848684,
        -0.3375244203908692,
        -1.0320671777072346
    ],
    "rotation": [
        [
            0.47649259901103924,
            -0.6326400812899367,
            0.6105090749801899
        ],
        [
            0.40248278744388216,
            0.7743358148854884,
            0.4882741561838279
        ],
        [
            -0.7816408439296834,
            0.01306037254785856,
            0.6235920283084154
        ]
    ],
    "fy": 1125.6281481242802,
    "fx": 1120.2299868285534
}