{
    "id": 88,
    "img_name": "0089",
    "width": 1273,
    "height": 715,
    "position": [
        1.516472047805644,
        -1.1694077409766122,
        -0.3326271051529102
    ],
    "rotation": [
        [
            0.6025878359951233,
            0.7432165356404078,
            -0.2907182159091252
        ],
        [
            -0.44626349271928284,
            0.6158141953920475,
            0.6493240884332196
        ],
        [
            0.6616168037290929,
            -0.2615378708797552,
            0.7027525504179857
        ]
    ],
    "fy": 1125.6281481242802,
    "fx": 1120.2299868285534
}