{
    "id": 51,
    "img_name": "0052",
    "width": 1273,
    "height": 715,
    "position": [
        -1.716741114321602,
        -1.527329987906393,
        4.029226372648985
    ],
    "rotation": [
        [
            -0.8535773344034876,
            -0.14531996097054145,
            0.5002877603301495
        ],
        [
            0.349554410191969,
            0.5522918056405508,
            0.7568259216871769
        ],
        [
            -0.3862867438936801,
            0.8208872458296693,
            -0.4206265340253729
        ]
    ],
    "fy": 1125.6281481242802,
    "fx": 1120.2299868285534
}