{
    "id": 8,
    "img_name": "0009",
    "width": 1273,
    "height": 715,
    "position": [
        -0.13072414108406868,
        1.7852163686054343,
        -1.9910686107858548
    ],
    "rotation": [
        [
            0.9832211310424147,
            0.08747622331167282,
            0.16007535046596386
        ],
        [
            -0.08047246033873426,
            0.9955151456654466,
            -0.049737087547778294
        ],
        [
            -0.1637082484137731,
            0.0360208981819009,
            0.9858509544020657
        ]
    ],
    "fy": 1125.6281481242802,
    "fx": 1120.2299868285534
}