{
    "id": 31,
    "img_name": "0032",
    "width": 1273,
    "height": 715,
    "position": [
        3.9526309971908593,
        -1.1199210225959613,
        0.3902240076620192
    ],
    "rotation": [
        [
            0.15499872503537043,
            0.6356643396852198,
            -0.7562448297277563
        ],
        [
            -0.5129733311348581,
            0.7059966967324299,
            0.4882898992886342
        ],
        [
            0.8442948281150469,
            0.3122491176215732,
            0.43550744168467687
        ]
    ],
    "fy": 1125.6281481242802,
    "fx": 1120.2299868285534
}