{
    "id": 73,
    "img_name": "0074",
    "width": 1273,
    "height": 715,
    "position": [
        -1.830725964243829,
        1.5762119668444694,
        -1.60789915708381
    ],
    "rotation": [
        [
            0.8573588974083899,
            -0.1535738059780186,
            0.49127467587093837
        ],
        [
            0.1616672095014234,
            0.9864962995022998,
            0.026244322058145503
        ],
        [
            -0.4886710902096547,
            0.056922202923768574,
            0.8706092283037279
        ]
    ],
    "fy": 1125.6281481242802,
    "fx": 1120.2299868285534
}