{
    "id": 59,
    "img_name": "0060",
    "width": 1273,
    "height": 715,
    "position": [
        -4.069197346172736,
        -0.07923684375765931,
        1.6321820375784843
    ],
    "rotation": [
        [
            -0.1502639032017199,
            -0.4005442028051919,
            0.903872281350489
        ],
        [
            0.5140859080002901,
            0.7492732556537874,
            0.41749882342048744
        ],
        [
            -0.8444740603417616,
            0.527403005263648,
            0.09332540623416123
        ]
    ],
    "fy": 1125.6281481242802,
    "fx": 1120.2299868285534
}