{
    "id": 60,
    "img_name": "0061",
    "width": 1273,
    "height": 715,
    "position": [
        -3.908260095178043,
        0.11083338535858069,
        1.4634590906742668
    ],
    "rotation": [
        [
            -0.11838368012024317,
            -0.39696518229018335,
            0.9101669892555484
        ],
        [
            0.5092276730888878,
            0.7626299189963645,
            0.3988518316518995
        ],
        [
            -0.8524508673475936,
            0.5106997657145733,
            0.1118627196943437
        ]
    ],
    "fy": 1125.6281481242802,
    "fx": 1120.2299868285534
}