{
    "id": 7,
    "img_name": "0008",
    "width": 1273,
    "height": 715,
    "position": [
        -0.2744302091797565,
        1.7592240607056402,
        -2.026589627428991
    ],
    "rotation": [
        [
            0.9783967263898999,
            0.06593819758210094,
            0.1959387656620075
        ],
        [
            -0.057462894164959706,
            0.9971622766620086,
            -0.04863547878274218
        ],
        [
            -0.1985896814633477,
            0.03632558467339161,
            0.9794093068346975
        ]
    ],
    "fy": 1125.6281481242802,
    "fx": 1120.2299868285534
}