{
    "id": 23,
    "img_name": "0024",
    "width": 1273,
    "height": 715,
    "position": [
        3.5477094788877177,
        0.39147199947803807,
        -0.28674064846563385
    ],
    "rotation": [
        [
            0.5439189551746106,
            0.49382029766828656,
            -0.6784494703458502
        ],
        [
            -0.4602264750959969,
            0.8516129249769296,
            0.25089244235917507
        ],
        [
            0.7016721184588095,
            0.175775253158808,
            0.690477587293377
        ]
    ],
    "fy": 1125.6281481242802,
    "fx": 1120.2299868285534
}