{
    "id": 93,
    "img_name": "0115",
    "width": 1273,
    "height": 715,
    "position": [
        -2.324904186460785,
        -0.6540626025143866,
        -0.22889311717786096
    ],
    "rotation": [
        [
            0.2668481020916841,
            -0.6942921724273495,
            0.6683939479948764
        ],
        [
            0.44987932550823795,
            0.7030807328874854,
            0.5507141504652384
        ],
        [
            -0.8522914307267903,
            0.15373959265104026,
            0.4999634534255209
        ]
    ],
    "fy": 1125.6281481242802,
    "fx": 1120.2299868285534
}