{
    "id": 90,
    "img_name": "0112",
    "width": 1273,
    "height": 715,
    "position": [
        -2.4703483771302683,
        -1.3566101593952409,
        0.8846995480256589
    ],
    "rotation": [
        [
            -0.1941868622044717,
            -0.7168822355092687,
            0.6696053486632366
        ],
        [
            0.49965877574656,
            0.5151323815180846,
            0.6964048659587007
        ],
        [
            -0.8441756750621462,
            0.469806864490867,
            0.25816455936210475
        ]
    ],
    "fy": 1125.6281481242802,
    "fx": 1120.2299868285534
}