{
    "id": 78,
    "img_name": "0079",
    "width": 1273,
    "height": 715,
    "position": [
        -0.17433106386801858,
        1.5254026969992098,
        -2.0790021629818525
    ],
    "rotation": [
        [
            0.9871929701626007,
            0.01692426343171824,
            0.15863041627896116
        ],
        [
            -0.01894238101652512,
            0.9997576343448038,
            0.011218679543793283
        ],
        [
            -0.1584021018262305,
            -0.014079839366105773,
            0.9872742943379296
        ]
    ],
    "fy": 1125.6281481242802,
    "fx": 1120.2299868285534
}